"","site_code","Date","mean_Salinity","sd_Salinity","SE_Salinity","mean_DOX","sd_DOX","SE_DOX","mean_TURB","sd_TURB","SE_TURB","mean_CPHL","sd_CPHL","SE_CPHL","mean_CNDC","sd_CNDC","SE_CNDC","mean_DESC","sd_DESC","SE_DESC","mean_TEMP","sd_TEMP","SE_TEMP"
"1","NRSNSI",2014-09-17,35.5043166666667,0.00969365534888598,0.00176981123308849,NA,NA,NA,0.197043333333333,0.063158261443027,0.0115310681617182,0.311156666666667,0.0114057361047832,0.00208239298318028,4.86496666666667,0.017903984016921,0.0032688053050932,0.541233333333333,0.177824726439641,0.032466204651059,20.1069133333333,0.167020018897866,0.0304935439684335
"2","NRSNSI",2014-10-20,35.5391866666667,0.00466407645685601,0.000851539961782935,NA,NA,NA,0.02716,0.00440341560217943,0.00080395001846129,0.166963333333333,0.00927504933840705,0.00169338458153964,5.15451,0.00899445614694456,0.00164215550805751,0.681866666666667,0.220397404912023,0.0402388767619716,22.8542966666667,0.0947272581508701,0.0172947520332822
"3","NRSNSI",2014-11-07,35.4726066666667,0.0241372074111566,0.00440683099142379,NA,NA,NA,0.03299,0.0199835855054886,0.00364848685372979,0.178893333333333,0.0309143525793813,0.00564416275279838,5.26847666666667,0.0243876125046746,0.00445254849750178,0.464633333333333,0.124043786299598,0.0226471932915466,24.02347,0.263889701553901,0.0481794474114592
"4","NRSNSI",2014-12-23,35.4800766666667,0.00504016169235226,0.000920203417458249,NA,NA,NA,0.0714866666666667,0.0909696945874467,0.0166087179249667,0.210493333333333,0.031593625866657,0.00576818052018225,5.45986666666667,0.0425431329466877,0.00776727786061402,0.4422,0.113995583701511,0.0208126508830953,25.8254133333333,0.409003372158203,0.0746734576755761
"5","NRSNSI",2015-01-19,35.5680166666667,0.0543316386097724,0.00991955468426365,NA,NA,NA,0.0264966666666667,0.019877165608901,0.00362905732775367,0.148016666666667,0.0372901122452637,0.00680821188287685,5.57174333333333,0.0838943986594861,0.0153169515313772,0.520733333333333,0.117201545633369,0.0213979767726224,26.76175,0.838214318224082,0.153036296705048
"6","NRSNSI",2015-03-04,35.3976533333333,0.0317125313350759,0.00578988958927016,NA,NA,NA,0.0240533333333333,0.0108993746525244,0.00198994445329589,0.176986666666667,0.0117662208896055,0.00214820819927514,5.57381666666667,0.0297764901863214,0.00543641845279315,0.613433333333333,0.159227593201623,0.0290708481912618,27.00452,0.323864291928281,0.0591292594198526
"7","NRSNSI",2015-03-23,35.4258066666667,0.0413871538734795,0.00755622592248068,NA,NA,NA,0.200126666666667,0.10049761339878,0.0183482699446483,0.3124,0.0232830114179772,0.00425087685342548,5.44551333333333,0.0796256271921743,0.0145375840562169,0.618566666666667,0.167188244788329,0.0305242576734212,25.7595166666667,0.808153601430908,0.147547985810916
"8","NRSNSI",2015-05-12,35.4826366666667,0.00639112980856194,0.00116685532136435,NA,NA,NA,0.165023333333333,0.0865857505332275,0.0158083229085212,0.195673333333333,0.0310037921299441,0.00566049210592384,5.30110666666667,0.0104022190382408,0.00189917667178473,0.589566666666667,0.132142473615917,0.0241258045346563,24.3210733333333,0.0939938807007956,0.0171608562424251
"9","NRSNSI",2015-05-28,35.6285133333333,0.00656767073250253,0.00119908713681937,NA,NA,NA,0.14906,0.0380024645298805,0.00693826902126851,0.301986666666667,0.0124428551256599,0.0022717441440309,5.12901333333333,0.000752344993008963,0.000137358774565692,0.511466666666667,0.117941462199462,0.0215330664372627,22.5009866666667,0.0034780824417001,0.000635008070060598
"10","NRSNSI",2015-07-31,35.65481,0.00401328397647897,0.000732722054530522,NA,NA,NA,0.06946,0.0416985454141409,0.00761307797949286,0.219976666666667,0.0237885322028875,0.00434317189915318,5.03263666666667,0.016531985368669,0.0030183137689218,0.564133333333333,0.167484787437512,0.030578398706161,21.54622,0.158025011987954,0.0288512879052756
"11","NRSNSI",2015-08-17,35.6843833333333,0.00280210306898118,0.000511591686445148,NA,NA,NA,0.112046666666667,0.0436910606601533,0.00797685982829751,0.23152,0.00968626471545823,0.00176846189420761,4.91534,0.00693957168508357,0.00126698665044814,0.521366666666667,0.128614495706149,0.0234816868401365,20.3816,0.0670279509376241,0.0122375735706288
"12","NRSNSI",2015-09-07,35.62059,0.0200465036937827,0.0036599740907318,NA,NA,NA,0.319196666666667,0.199601484831968,0.0364420785846647,0.305473333333333,0.044465569270782,0.00811826510730528,4.88845333333333,0.0516226075396759,0.00942495554223892,0.5504,0.114113555059317,0.0208341894076986,20.1962266666667,0.480761071157212,0.0877745611477171
"13","NRSNSI",2015-10-27,35.6333266666667,0.01171677057229,0.00213917984785197,58.3697033333333,0.260697596623094,0.047596651452617,0.00152666666666667,0.0063264051639814,0.00115503827207659,0.228263333333333,0.0583211470686431,0.010647935943024,5.17554333333333,0.0190732468952309,0.00348228252312778,0.497833333333333,0.143280550291915,0.0261593298155451,22.9391066666667,0.182196856275792,0.0332644426962594
"14","NRSNSI",2015-11-19,35.45779,0.00240450009142378,0.000438999646532013,5100.89192666667,538.7122925081,98.3549582040025,0.23315,0.0899198445743533,0.0164170424135773,0.14312,0.0590900680142698,0.0107883210586434,5.28772,0.00952631201933131,0.00173925866094012,0.544033333333333,0.143978083421565,0.0262866813587839,24.2251866666667,0.0917468658990532,0.0167506093444376
"15","NRSNSI",2015-12-16,35.5352666666667,0.0104202168662765,0.00190246261058515,5245.87877666667,513.189271572179,93.6951134365756,0.217983333333333,0.00618340846377506,0.00112893076595932,0.15041,0.009922226877415,0.00181154249381475,5.43009,0.0448876401850143,0.00819532436083589,0.5788,0.164328812509218,0.0300021991531119,25.47402,0.430621957894264,0.0786204533652428
"16","NRSNSI",2016-01-20,35.5890866666667,0.00556328688093145,0.0010157125728529,0,0,0,0.234676666666667,0.0204874172205238,0.00374047351890023,0.192583333333333,0.0191744277140393,0.00350075552874385,5.46276333333333,0.0130699572152779,0.00238623679747838,0.5973,0.200918434299542,0.0366825195614929,25.7130633333333,0.119228706573813,0.0217680840308806
"17","NRSNSI",2016-03-18,35.51484,0.0187999009535172,0.00343237661036809,5390.88178,521.398207813996,95.1938532874974,0.33514,0.14480698592407,0.0264380175583154,0.2484,0.0966847525689048,0.0176521399829316,5.53162,0.0346867300473727,0.00633290149767943,0.828733333333333,0.324286158575537,0.0592062813795063,26.4554566666667,0.335867692221447,0.0613207704556297
"18","NRSNSI",2016-04-12,35.5408466666667,0.000969085360936974,0.000176929970777739,NA,NA,NA,0.261413333333333,0.0126954168578823,0.0023178553966645,0.147033333333333,0.0108502767590106,0.00198098044536139,5.51994666666667,0.00154154721500573,0.000281446727705968,0.5385,0.123663545209545,0.0225777710841092,26.3124233333333,0.0145639536914409,0.00265900198775428
"19","NRSNSI",2016-06-23,35.7291285714286,0.00208110674666274,0.000393292207389166,NA,NA,NA,0.374221428571429,0.0339210887878067,0.00641048322379128,0.251253571428571,0.0124156556528846,0.00234633837295328,5.12170357142857,0.00310703885978113,0.000587175152628183,0.716571428571429,0.0819441673387836,0.0154859920121916,22.3082178571429,0.0290512198197574,0.00549016449472491
"20","NRSNSI",2016-07-20,35.7236733333333,0.00663236231557516,0.00121089814992924,NA,NA,NA,0.337423333333333,0.0407980026838141,0.00744866212369377,0.211916666666667,0.0124342154012096,0.00227016675337355,5.02924333333333,0.0271676999309884,0.00496012069591129,0.5753,0.106320643857836,0.0194114049898033,21.4307533333333,0.271429021309799,0.0495559325776425
"21","NRSNSI",2016-08-22,35.7166133333333,0.00366735207804868,0.000669563819820236,NA,NA,NA,0.307076666666667,0.04338969910596,0.00792183898789868,0.233613333333333,0.0110967138140652,0.00202597349004756,5.01947,0.00631796289735972,0.00115349693212154,0.7038,0.195713266690382,0.0357321903231156,21.3456133333333,0.0680613249505398,0.0124262409896999
"22","NRSNSI",2016-09-20,35.71867,0.0518863024247291,0.00947309942118638,NA,NA,NA,0.330263333333333,0.0514063761195742,0.00938547726676189,0.24322,0.0401936038829992,0.0073383145047153,4.97004,0.0817270756637708,0.0149212542999929,0.619033333333333,0.147023451878599,0.0268426870253947,20.86582,0.73262022781718,0.133757541620014
"23","NRSNSI",2016-10-20,35.7002233333333,0.00694335123962348,0.00126767669954108,NA,NA,NA,0.322046666666667,0.1494612595021,0.0272877677674778,0.233956666666667,0.0484498865400852,0.00884569858885686,5.13774666666667,0.0546387303162758,0.00997562170255522,1.1759,0.327690807800953,0.0598278824398907,22.4961,0.519729754710113,0.0948892368204519
"24","NRSNSI",2016-11-16,35.7008033333333,0.102881181829879,0.0187834480103384,4962.41891666667,425.203183695725,77.6311250777206,0.249186666666667,0.0378650847573086,0.00691318702114097,0.19828,0.021045835037218,0.00384242619713896,5.22254,0.125367706340602,0.0228889069151437,0.628666666666667,0.188507080875573,0.0344165268150007,23.30158,1.16322806030282,0.212375416050278
"25","NRSNSI",2016-12-15,35.70281,0.056856706455488,0.0103805668903735,4808.99485333333,332.974014456429,60.7924595936125,0.880993333333333,0.93080518978642,0.1699409996963,0.42807,0.197504949130482,0.0360593052858919,5.15142666666667,0.16769723525641,0.0306171861937288,0.5896,0.164850109556196,0.0300973745370421,22.61574,1.54031755203382,0.28122222299002
"26","NRSNSI",2017-01-17,35.71548,0.0251404660752893,0.00459000012520977,5229.52497,431.751457549663,78.8266708452283,0.242373333333333,0.0663852078108667,0.0121202252675599,0.184143333333333,0.0279525667605991,0.0051034171183164,5.51253,0.145045783853903,0.0264816158959337,0.688233333333333,0.178379232464748,0.0325674431371335,26.01295,1.33762963245462,0.244216641094247
"27","NRSNSI",2017-02-17,35.6372066666667,0.0108993493425963,0.00198993983235636,5291.25362666667,523.494574884077,95.5765957985288,0.26178,0.0638697132909024,0.0116609609036049,0.316273333333333,0.159219622628259,0.0290693929703191,5.55155333333333,0.0355996680857574,0.00649958041675536,0.659533333333333,0.163025433457553,0.0297642357839197,26.4837333333333,0.347909826142403,0.0635193532519648
"28","NRSNSI",2017-04-24,35.57267,0.023983430343353,0.00437875526846943,5041.10941,527.511979941631,96.3100702560813,0.25388,0.0390991171961368,0.00713848948895409,0.190106666666667,0.00622475222236878,0.00113647906902393,5.31258333333333,0.00398523856711006,0.000727601686748581,0.505066666666667,0.115455897934303,0.0210792665652105,24.3165066666667,0.0706336587409038,0.0128958827371716
"29","NRSNSI",2017-05-16,35.5333133333333,0.0396162082236929,0.00723289696231276,4952.28748,527.099596332684,96.2347796544261,0.301036666666667,0.0722690112600536,0.0131944558919087,0.24005,0.0113810414043828,0.00207788436836025,5.17777,0.00198410059533623,0.000362245550808361,0.5176,0.129848080994411,0.0237069076697989,23.0838533333333,0.058667959494637,0.0107112549393374
"30","NRSNSI",2017-06-27,35.4655766666667,0.00443735579335045,0.000810146621231425,4924.58388,530.621107319801,96.8777166558081,0.277673333333333,0.0111016908725601,0.00202688217245013,0.171256666666667,0.0171135091492744,0.00312448499970955,5.13932,0.0014057517316492,0.000256653977892073,0.569166666666667,0.142094452155365,0.025942778913944,22.7996966666667,0.0112980463167185,0.00206273160780163
"31","NRSNSI",2017-07-17,35.66887,0.000930016685056219,0.000169797039087156,4752.50961,513.009693090201,93.6623270414351,0.27202,0.0253975344988581,0.00463693418334676,0.208363333333333,0.0145057059720348,0.00264836745780696,5.03817,0.00278235201917744,0.000507985654607843,0.5336,0.130791911592159,0.0238792267727489,21.5825,0.0294958793147741,0.00538518615138393
"32","NRSNSI",2017-08-29,35.6115965517241,0.000547385186018549,0.000101646877230823,4842.46927931034,502.424445628244,93.2978773393545,0.320455172413793,0.046724455100445,0.00867651349101561,0.251341379310345,0.0403524783912373,0.00749326712114298,5.07894827586207,0.00263609840072889,0.000489511183991337,0.520931034482759,0.151712588006421,0.028172320335568,22.0425172413793,0.0283371924832453,0.00526208454116445
"33","NRSNSI",2017-09-27,35.6451533333333,0.006626370168441,0.00120980413854481,4831.7801,473.668753410463,86.4796870094209,0.536703333333333,0.0693883945544972,0.0126685296421889,0.334886666666667,0.0197825721512532,0.0036117870042383,5.09656,0.0346115647406052,0.00631917825299331,0.6113,0.163282946720272,0.0298112510582024,22.17019,0.341887476296333,0.0624198276320048
"34","NRSNSI",2017-10-23,35.47915,0.106009543324467,0.0193546060632107,4933.39226666667,479.466096047007,87.5381321212947,0.24748,0.0429618066145525,0.00784371686465502,0.220016666666667,0.0143423434658341,0.00261854168124139,5.15228666666667,0.0378198974572666,0.00690493698662573,0.600533333333333,0.136780401231023,0.0249725703929462,22.9070966666667,0.386990854817841,0.0706545402439795
"35","NRSNSI",2017-11-16,35.48785,0.0518559992206536,0.0094675668383741,5116.47062,469.598514972276,85.7365665404144,0.209623333333333,0.0123856057536585,0.00226129188654817,0.16171,0.0379476531462796,0.00692826187753308,5.30424,0.0585288175410935,0.0106858512104537,0.662,0.13465562717924,0.0245846415003585,24.34396,0.621117278947299,0.113399981511888
"36","NRSNSI",2017-12-19,35.4903068965517,0.0465241099633484,0.00863931033303034,5027.49915862069,274.673995220657,51.0056804309418,0.241393103448276,0.0328629940709964,0.00610250479752413,0.1849,0.0189833385593036,0.00352511747349935,5.24604482758621,0.235823783464032,0.0437913772205453,0.718241379310345,0.128378251154384,0.0238392427626919,23.7760482758621,2.31253402718142,0.429426788223394
"37","NRSNSI",2018-01-23,35.5976166666667,0.00231371494271862,0.000298699314700682,5358.97503333333,556.824561085856,71.8857417281592,0.217276666666667,0.00794965869999006,0.00102629652510315,0.19315,0.0219729224736697,0.00283669209360098,5.53194,0.00921110604521895,0.00118914867710945,0.630833333333333,0.132405664104696,0.0170934977340341,26.3515266666667,0.0870780165814049,0.0112417236013518
"38","NRSNSI",2018-03-02,35.2176,0.0409832261734752,0.00748247915151617,5505.18939,539.859029584271,98.5643227920513,0.213513333333333,0.00389789804835918,0.000711655562647228,0.136176666666667,0.0040875490787591,0.000746280945115274,5.60661666666667,0.0353449414351966,0.00645307390591873,0.6781,0.184567406619389,0.0336972439952226,27.5505533333333,0.389994993542873,0.0712030184258377
"39","NRSNSI",2018-03-20,35.29976,0.0306897669118462,0.00560315920739794,5390.93941666667,547.963497384312,100.04398940227,0.227523333333333,0.081443810473036,0.0148695373884191,0.16974,0.0373170904731238,0.00681313741086369,5.51783333333333,0.0189526148379426,0.00346025822348275,0.5823,0.131455027054621,0.0240002945384225,26.6062333333333,0.221861002359171,0.0405060918742749
"40","NRSNSI",2018-04-17,35.2250666666667,0.0622323418152979,0.0113620191395369,5327.21963,526.889856245046,96.1964865286887,0.24366,0.0436076756925928,0.00796163588573426,0.12918,0.0143608279465477,0.00262191647025825,5.45102666666667,0.0272149418053991,0.00496874584266916,0.581933333333333,0.130460968752405,0.023818805153223,26.0726266666667,0.34085787606884,0.0622318492087347
"41","NRSNSI",2018-05-30,35.44332,0.000695998414584073,0.000127071343885176,5050.61729666667,544.227676981661,99.3619250338303,0.30202,0.0313482265901092,0.00572337694706202,0.189953333333333,0.0115597021001269,0.00211050319942645,5.23481333333333,0.000387506025166358,7.07485970509263e-05,0.603833333333333,0.161237046169518,0.029437722430849,23.73971,0.00495102566872903,0.000903929480516663
"42","NRSNSI",2018-07-18,35.54119,0.00657646535395128,0.0012006928076701,4589.46240333333,469.543363479294,85.7264973014856,0.61037,0.15273609683327,0.0278856685269585,0.347653333333333,0.030369287268479,0.00554464789743347,4.9455,0.0173191542359399,0.00316203048397847,0.6138,0.112644818666523,0.0205660360565778,20.84339,0.17723673502234,0.0323588525967673
"43","NRSNSI",2018-08-17,35.6455766666667,0.00566889172002271,0.00103499329037023,4577.92999666667,473.708653804206,86.4869717913231,0.623033333333333,0.108738348827574,0.0198528155062425,0.316316666666667,0.0352474120677145,0.00643526756105568,4.95049333333333,0.0159820143163869,0.00291790325181854,0.553533333333333,0.117064595588205,0.0213729732296265,20.76686,0.150971775393672,0.0275635489765724
"44","NRSNSI",2018-09-13,35.6136103448276,0.0138828091236086,0.00257797293505596,4643.66914827586,455.332603804918,84.5531418465919,0.244337931034483,0.0305204195556388,0.00566749963068985,0.18848275862069,0.0093905373711107,0.00174377901279264,4.97530689655172,0.0198864622120262,0.00369282332560736,0.604241379310345,0.108382805427407,0.02012618170642,21.0442068965517,0.211407754167551,0.0392574344033943
"45","NRSNSI",2018-10-23,35.4434933333333,0.03555827594957,0.00649202328119097,4979.29542,449.428867940959,82.0541096550912,0.225463333333333,0.0650385905779624,0.011874367722631,0.187176666666667,0.0805153773418826,0.0147000294653965,5.19218,0.0673761259262328,0.0123011413357021,0.5665,0.133434925376922,0.024361772862653,23.3315933333333,0.647213909601462,0.11816455260661
"46","NRSNSI",2018-11-15,35.5994233333333,0.0265463119502667,0.00484667129124334,4845.49315666667,304.597755290386,55.6116871793276,0.559273333333333,0.617099150885,0.112666375052333,0.31549,0.143091644976459,0.0261248405813758,5.12998,0.171183725459136,0.0312537293039134,0.611433333333333,0.130935278387594,0.0239054018487013,22.5392766666667,1.6745499258799,0.305729589357675
"47","NRSNSI",2019-03-22,35.3263733333333,0.100950110359569,0.0184308842088573,NA,NA,NA,0.503236666666667,0.207068115535117,0.0378052926062231,0.3619,0.082603861477745,0.015081332756131,5.47962666666667,0.0810382069674901,0.0147954846586222,0.640666666666667,0.157884142011953,0.0288255686840986,26.2109933333333,0.887034387209399,0.161949581052453
"48","NRSNSI",2019-04-16,35.2437392857143,0.0201750733494595,0.00381273048322547,NA,NA,NA,0.247332142857143,0.0109840306159182,0.00207578667163137,0.156625,0.0103469310175279,0.00195538616465138,5.41363928571429,0.0107658011102273,0.00203454517157462,0.605785714285714,0.0907696951968969,0.0171538600051517,25.6934607142857,0.129052361865929,0.024388603971626
"49","NRSNSI",2019-05-27,35.4247,0.0359412643455774,0.0065619470757763,NA,NA,NA,0.405786666666667,0.108650511315849,0.0198367786440536,0.303053333333333,0.0255210222113583,0.00465947985191711,5.13561333333333,0.0261606671502682,0.0047762625058621,0.613933333333333,0.145452666393296,0.026555902144294,22.81467,0.298144725502276,0.0544335305195942
"50","NRSNSI",2019-06-18,35.4519,0.00371177065284373,0.000677673504949395,NA,NA,NA,0.402866666666667,0.0413186301249485,0.00754371525488226,0.23675,0.0106049354157587,0.00193618744936549,5.16542,0.00326891313794781,0.000596819154726338,0.523,0.145656184688227,0.0265930593312936,23.0665233333333,0.0386828366407473,0.00706248740547488
"51","NRSNSI",2019-07-23,35.47189,0.00335028048233965,0.000611674731382238,NA,NA,NA,0.34745,0.0375402932952002,0.00685388848438037,0.25325,0.0109470433734726,0.00199864753121279,4.89589666666667,0.00764444731243821,0.00139567874422738,0.473466666666667,0.126886246458116,0.0231661531407568,20.44592,0.0750475959319978,0.0137017537261627
"52","NRSNSI",2019-08-21,35.5491233333333,0.00333628777115421,0.000609120023529931,NA,NA,NA,0.48059,0.0813491510669309,0.0148522550244178,0.28407,0.0170451560517229,0.00311200548857478,4.94662,0.00167834072411019,0.000306421691258235,0.548933333333333,0.129769007865125,0.0236924709575981,20.8448166666667,0.0228501276436988,0.00417184345077539
"53","NRSNSI",2019-09-16,35.6576866666667,0.00234649163401556,0.000428408799649159,NA,NA,NA,0.27772,0.0258561724772329,0.00472066963884156,0.239133333333333,0.0131326740017706,0.00239768726371047,4.91725,0.00446324066585918,0.00081487253075515,0.5718,0.120154039064229,0.0219370258569451,20.4317266666667,0.0450909191357387,0.00823243784976182
"54","NRSNSI",2019-10-24,35.5216433333333,0.0571856123895498,0.0104406166235011,NA,NA,NA,0.458746666666667,0.182004703867469,0.0332293606267535,0.33274,0.264258402274012,0.0482467626452504,5.10982333333333,0.0902296445029372,0.0164736038833102,0.6173,0.136224750903133,0.0248711229867228,22.4472,0.918263799900059,0.167651265648558
"55","NRSNSI",2019-12-20,35.5964966666667,0.0204006673882266,0.00372463523889723,NA,NA,NA,0.218316666666667,0.00449529127845582,0.000820724145255496,-0.00130666666666667,0.00361099215837089,0.000659273953371335,5.30038,0.136448316349022,0.0249119402659867,0.604933333333333,0.181038561968273,0.0330529680561067,24.16701,1.32468370937992,0.241853049729001
"56","NRSNSI",2020-01-22,35.4550933333333,0.0761969722148635,0.013911600165225,NA,NA,NA,0.355476666666667,0.139997260276969,0.025559885814206,0.27628,0.103329534450007,0.0188653056249253,5.39877333333333,0.141438601113902,0.0258230374440198,0.664333333333333,0.150813045565175,0.027534569007367,25.27871,1.4390121471175,0.262726471166733
"57","NRSNSI",2020-02-28,35.4474,0.0653469942321172,0.0119306742686969,NA,NA,NA,0.297786666666667,0.106574625735091,0.01945777552426,0.17956,0.0346668439429596,0.00632927080835678,5.52725,0.146610421490613,0.026767278338583,0.623866666666667,0.161884320838472,0.0295558980765449,26.49918,1.46176362077953,0.266880302947125
"58","NRSNSI",2020-05-28,35.7583066666667,0.0052945602098841,0.00096665001967427,NA,NA,NA,0.25631,0.0174291541330354,0.00318211362563262,0.15533,0.00735855823584653,0.00134348277882952,5.13972666666667,0.00279123422624234,0.000509607316331135,0.6001,0.174591217142926,0.031875849323821,22.44496,0.029020523059047,0.00529839837001295
"59","NRSNSI",2020-06-25,35.5903066666667,0.0220854130879271,0.00403222631335916,NA,NA,NA,0.364306666666667,0.04882015506151,0.00891330006269635,0.240203333333333,0.0361863803997689,0.00660669893980542,5.00368666666667,0.0214731706431832,0.00392044664747638,0.600833333333333,0.143577225005326,0.0262134949598039,21.3457233333333,0.230394674392673,0.0420641200979749
"60","NRSNSI",2020-07-20,35.5840333333333,0.00547693176963191,0.000999946358714694,NA,NA,NA,0.319196666666667,0.0354825210329054,0.00647819238895793,0.22336,0.0159711075339836,0.00291591195490118,5.02808,0.00141650370935651,0.000258617011468101,0.7423,0.147931752670871,0.0270085193030371,21.5877933333333,0.0152712471169101,0.0027881355090558
"61","NRSNSI",2020-08-18,35.6014833333333,0.00188498300245379,0.000344149236985918,NA,NA,NA,0.312963333333333,0.0299205440128182,0.00546271896288222,0.24617,0.0142507628349962,0.00260182142212791,5.00774333333333,0.000747724517468191,0.000136515195005665,0.561,0.158409552132744,0.0289214950091315,21.37129,0.00553343131058517,0.00101026171640429
"62","NRSNSI",2020-09-17,35.6191166666667,0.0162170000910776,0.00296080558831551,NA,NA,NA,0.24718,0.0457304275072954,0.00834919557003348,0.194103333333333,0.0148528990165355,0.00271175594523427,5.00435666666667,0.0287614526913983,0.0052510988085655,0.616266666666667,0.146529962414031,0.0267525885881831,21.3173333333333,0.298849772355245,0.0545622538747505
"63","NRSNSI",2020-10-22,35.5191566666667,0.0210983523352981,0.00385201450007818,NA,NA,NA,0.379346666666667,0.219066445176569,0.0399958778718919,0.240866666666667,0.04659833749686,0.00850765352975634,5.18585,0.0319772737187328,0.00583822471442235,0.5974,0.131360939977316,0.0239831166668861,23.1783066666667,0.334412570846596,0.0610551028553251
"64","NRSNSI",2020-11-16,35.5993655172414,0.0034231643529329,0.000635665662153504,NA,NA,NA,0.35001724137931,0.08402865186932,0.0156037289254351,0.297668965517241,0.0266363621423298,0.00494624827582635,5.22042413793103,0.0287113175193091,0.00533155781625681,0.595379310344828,0.114506523143289,0.0212633275385714,23.4079379310345,0.273301874456215,0.0507508840015691
"65","NRSNSI",2020-12-21,35.44536,0.0331647673458363,0.00605503039657509,NA,NA,NA,0.243,0.0154178356189322,0.00281489878546526,0.44075,0.11299641663528,0.020630228769465,5.41324,0.0527854185717335,0.00963725481969685,0.716966666666667,0.160069485630101,0.0292245560159518,25.4301533333333,0.54467098055383,0.0994428608225969
"66","NRSNSI",2021-01-19,35.2292566666667,0.151383189708886,0.0276386626102136,NA,NA,NA,0.246103333333333,0.0460170244608437,0.00840152077549036,0.19388,0.0639818853674414,0.0116814406291525,5.53833,0.0426983658736007,0.00779561938585995,0.695833333333333,0.164162678637598,0.0299718673967613,26.8932,0.594100917933692,0.108467491395603
"67","NRSNSI",2021-02-26,35.4002766666667,0.0350093552357507,0.00639180452877742,201.09836,2.54706130920078,0.465027644799302,0.26086,0.0406779072462072,0.00742673579695017,0.662213333333333,0.141249668253094,0.0257885431807804,5.54553333333333,0.046166589899932,0.00842882756376097,0.602533333333333,0.124329022143369,0.0226992699934942,26.7353133333333,0.482441377345178,0.0880813416819386
"68","NRSNSI",2021-06-15,35.4301333333333,0.0443858912790175,0.00573019392434025,201.553883333333,9.09872995194173,1.1746409858503,NA,NA,NA,NA,NA,NA,5.11854333333333,0.0124243250564103,0.00160397346771148,0.5447,0.100874867945643,0.0130228894534782,22.6443966666667,0.173511407300145,0.0224002263616825
"69","NRSNSI",2021-07-27,35.50394,0.00544180927041675,0.000702534555918707,219.576713333333,1.31997904316526,0.170408561717395,NA,NA,NA,NA,NA,NA,4.89282666666667,0.00320465057545033,0.000413718610304438,0.404466666666667,0.0888059141920189,0.0114647942236805,20.3779433333333,0.0327504657317989,0.00422806694532646
"70","NRSNSI",2021-08-20,35.4831466666667,0.0318254000822529,0.00410864148349845,212.742046666667,3.38616038791735,0.437151426333038,NA,NA,NA,NA,NA,NA,5.03446666666667,0.0265494145402376,0.00342751467886324,0.5131,0.141510579349378,0.0182689372377435,21.7716533333333,0.296387467121447,0.0382634574728654
"71","NRSNSI",2021-10-21,35.55883,0.00304320861001403,0.000392876542187312,219.394453333333,1.3844150956658,0.17872722032506,NA,NA,NA,NA,NA,NA,5.10563333333333,0.0238593524758107,0.00308022915967025,0.542433333333333,0.148303098550057,0.0191458476958443,22.3625066666667,0.231968174224628,0.0299469625207375
"72","NRSNSI",2021-11-09,35.6416533333333,0.0336423032055135,0.00434320266810048,198.996666666667,14.9998789846267,1.9364760500862,NA,NA,NA,NA,NA,NA,4.87771666666667,0.103940980917655,0.0134187229360847,0.6082,0.142889645697152,0.0184469739376849,20.0659666666667,1.04886844090557,0.135408333466327
"73","NRSNSI",2021-12-22,35.3594566666667,0.0840273106665511,0.0108478791612716,199.839593333333,10.215048849645,1.31875713584567,NA,NA,NA,NA,NA,NA,5.35643666666667,0.106825400024505,0.0137910998415618,0.655633333333333,0.14907749851997,0.0192458223020702,25.0015866666667,1.12094643085036,0.144713561955803
"74","NRSPHB",2014-09-11,35.3665233333333,0.00888201139589342,0.00162162599918293,254.252976666667,0.98680894761446,0.180165840185458,0.114756666666667,0.00667376145468378,0.00121845656404627,3.96183333333333,1.24298600245492,0.226937157402576,4.56656333333333,0.00204947147658442,0.000374180586229568,0.705233333333333,0.187366261882853,0.0342082427162197,17.33874,0.015612651810366,0.00285046719300377
"75","NRSPHB",2014-10-22,35.48906,0.00266478956923032,0.000486521786023974,253.133666666667,2.76533001738626,0.504877876489536,0.137633333333333,0.010529083967535,0.00192233893296164,7.70025666666667,2.08582355994698,0.380817538252896,4.68537333333333,0.00175517625273386,0.000320449875339908,0.707833333333333,0.203404825381567,0.0371364703889612,18.3706533333333,0.0228962537717768,0.00418026489105496
"76","NRSPHB",2014-11-12,35.5978620689655,0.0360893376991945,0.00670162176863776,238.413489655172,3.11168754299758,0.577825870598255,0.087348275862069,0.0262571027219256,0.00487582156949757,3.08466206896552,3.84428437223123,0.713865686550234,4.87738620689655,0.0584642242507449,0.0108565338935011,0.750413793103448,0.170214469177098,0.0316080334164687,20.1154344827586,0.529501434151479,0.0983259478799929
"77","NRSPHB",2014-11-13,35.58657,0.0431092369492295,0.00787063383797607,236.64719,7.1712857602193,1.30929165906257,0.09972,0.030568942995499,0.00558109987924145,4.95707333333333,5.69892858417617,1.04047724638809,4.85734,0.0865829942688039,0.0158078196857881,0.736066666666667,0.192966306391294,0.0352306662829884,19.9331066666667,0.79806187899977,0.145705497804377
"78","NRSPHB",2014-12-08,35.4767448275862,0.0578681048728603,0.0107458373040309,222.747013793103,25.4628653199927,4.72833538655278,0.28321724137931,0.262581947846716,0.0487602436045849,4.97494827586207,5.36161995946459,0.995627831549608,4.77498275862069,0.223033586626649,0.0414162972934763,0.677275862068966,0.210194959935451,0.0390322241683255,19.2464655172414,2.12603005510201,0.394793870056743
"79","NRSPHB",2014-12-09,35.4638793103448,0.0742163361844961,0.0137816276460418,226.381048275862,25.7953788321893,4.79008159564855,0.279462068965517,0.228402852768325,0.0424133449854176,5.27529655172414,5.43984802581067,1.01015441878468,4.765,0.225447429729036,0.0418645367046805,0.727275862068966,0.195014998791618,0.0362133761502068,19.1629551724138,2.13454718576935,0.396375461516314
"80","NRSPHB",2015-01-21,35.38779,0.061955787072106,0.0113115273824598,214.42465,20.3710200332313,3.7192223971968,0.11097,0.0466766584951822,0.00852195292225881,4.89041666666667,1.47815106294487,0.269872226858382,4.68593666666667,0.193803584329213,0.0353835316208216,0.852666666666667,0.251265395250868,0.0458745749664505,18.4845633333333,1.9739029072449,0.360383716207687
"81","NRSPHB",2015-01-22,35.3454655172414,0.0605503348808837,0.0112439149124394,228.169634482759,17.7303856903154,3.29244996677267,0.144958620689655,0.050163920708879,0.0093152062203221,4.92512413793103,1.10777622696978,0.205708881091652,4.77412413793103,0.173096640338719,0.0321432391650099,0.855551724137931,0.207246159055722,0.0384846455917474,19.4017965517241,1.76523147642025,0.327795255974635
"82","NRSPHB",2015-02-25,35.4871172413793,0.0448521783908421,0.00832884043426487,229.3135,8.26583403155077,1.5349268458042,0.0815241379310345,0.0114178011134373,0.00212023243899806,2.81826896551724,2.26991104814758,0.421511899717592,4.96497931034483,0.133194654491919,0.0247336264092525,0.867068965517241,0.189102000260344,0.0351153598883015,21.0923413793103,1.33066755763447,0.247098762116165
"83","NRSPHB",2015-02-26,35.461024137931,0.0489021227641235,0.00908089622425962,233.918348275862,1.82635969028571,0.33914648032054,0.072448275862069,0.0095696551919393,0.00177704035710495,1.36042068965517,0.96179416322506,0.178600692396792,5.04541379310345,0.0721119354304618,0.0133908502363613,0.857413793103448,0.186094545333698,0.0345568895286457,21.9026310344828,0.730954767070072,0.135734892663205
"84","NRSPHB",2015-03-30,35.5950689655172,0.0200389104253315,0.00372113224813158,227.908213793103,1.57810257966515,0.293046292208998,0.061948275862069,0.00525306853791566,0.000975470338615481,0.564586206896552,0.251927311971611,0.0467817273926039,5.16959655172414,0.0361932559104458,0.00672091889601881,0.755379310344828,0.154820728999959,0.0287494876284651,22.9289793103448,0.324339402675776,0.0602283150640211
"85","NRSPHB",2015-03-31,35.6005482758621,0.0191207557510832,0.00355063520539821,228.239320689655,1.29104266427769,0.239740604144047,0.0653068965517241,0.010831367511422,0.00201133445295344,0.702431034482759,0.17457588424409,0.0324179278622641,5.1776724137931,0.0323058032883935,0.00599903706671954,0.807896551724138,0.220141082170306,0.0408791727002771,22.9992344827586,0.288259689808466,0.0535284805817951
"86","NRSPHB",2015-05-18,35.3025766666667,0.0518227728089613,0.00946150055331116,221.360853333333,2.04482810452553,0.373332826356388,0.195173333333333,0.022133107255458,0.00404093403716521,3.80152666666667,0.900518774597342,0.164411482101292,4.77533333333333,0.0128618208968096,0.00234823647859131,0.7227,0.199796301439655,0.0364776470682003,19.47108,0.0873172550787233,0.0159418767553498
"87","NRSPHB",2015-06-30,35.59624,0.0213678135902371,0.00275857287266175,213.609616666667,10.3993429584035,1.34254940297988,0.0749516666666667,0.00673189956486373,0.000869084496768606,2.80905,0.520520505628415,0.0671989083219439,4.81316333333333,0.0246708774081992,0.00318499657794268,0.634766666666667,0.208453658359876,0.026911251576127,19.4948216666667,0.218521383270214,0.0282109892731915
"88","NRSPHB",2015-07-23,35.5979101694915,0.0108831678786206,0.0014168677741391,224.984222033898,4.35485501227704,0.56695383152773,0.161457627118644,0.0259450560262141,0.00337775858938928,2.52031694915254,0.544966533028925,0.0709485994560309,4.61420847457627,0.00961646017272745,0.00125195647737785,0.419745762711864,0.17600476024326,0.0229138680635111,17.5456559322034,0.0857908106790047,0.0111690122144617
"89","NRSPHB",2015-08-19,35.6538266666667,0.00196812451950953,0.000254083782910762,217.677258333333,0.740143920565262,0.0955521692715308,0.091725,0.0164997650214393,0.00213011050481234,2.686545,0.800062034125575,0.103287564470039,4.7517,0.00334035418806072,0.000431237871359779,0.549616666666667,0.152219967026609,0.01965151324181,18.8293366666667,0.0337451463762538,0.00435647966435208
"90","NRSPHB",2015-10-14,35.6408389830508,0.0204716289545171,0.00266517907959209,212.791247457627,7.67079970003479,0.998653059299559,0.0608881355932203,0.00553577969295055,0.000720697129654992,1.70588983050847,0.382589532769068,0.0498089146238672,4.90121016949153,0.0663992176286357,0.0086444418330508,0.714474576271186,0.188860133973686,0.0245874951697267,20.2952525423729,0.637473111902453,0.0829919302181372
"91","NRSPHB",2015-11-16,35.41017,0.0290587324603704,0.00375146622936371,229.059686666667,9.36931986277583,1.20957399312737,0.135421666666667,0.180497059548486,0.0233020701890232,4.25002,3.58476684185188,0.462791409284296,4.76976666666667,0.1025168141094,0.0132348637917316,0.878383333333333,0.256728379293103,0.0331434912500336,19.28649,0.981201083366707,0.126672515171998
"92","NRSPHB",2015-12-15,35.5278068965517,0.013560471205321,0.00251811628631226,230.881586206897,2.84658274411419,0.528597145317245,0.0639206896551724,0.00512350182355394,0.000951410403775591,0.714372413793103,0.145474899397387,0.0270140106398703,4.94780344827586,0.00441219760263847,0.000819324525925928,0.606310344827586,0.186503945467319,0.0346329132249083,20.8816137931034,0.0610797004163877,0.0113422156245741
"93","NRSPHB",2016-02-29,35.4405379310345,0.0659154513307608,0.0122401920259586,234.519627586207,5.50702244787096,1.02262839580601,0.0921,0.0231558385108995,0.00429993126305469,3.11329655172414,2.85336469459213,0.529856521904746,5.03601034482759,0.0774867239542527,0.0143889234089168,0.940724137931034,0.235569052137846,0.0437440748007849,21.8368517241379,0.768541048081497,0.14271448982644
"94","NRSPHB",2016-04-08,35.66973,0.00282966429104181,0.000516623654123488,209.60184,0.353599596855754,0.0645581585075431,0.0695266666666667,0.00481126073758817,0.000878412012005328,3.28030333333333,0.146104625911173,0.0266749331224677,5.11062333333333,0.00267294017804404,0.000488009876792199,0.725333333333333,0.167228799147658,0.0305316618525577,22.2751066666667,0.0248651387777503,0.00453973246802342
"95","NRSPHB",2016-07-19,35.6602533333333,0.00111439896691937,0.000203460484080731,222.848066666667,0.341587781754086,0.0623651111449549,0.26579,0.0184707289403046,0.00337227829805611,2.23561666666667,0.21552337593568,0.0393490048898794,4.69647333333333,0.00226425497122402,0.000413394507894202,0.646533333333333,0.172178082095321,0.0314352731571945,18.2822333333333,0.0245010110042398,0.00447325213623481
"96","NRSPHB",2016-08-30,35.6664,0.00406843248157587,0.000755488945516734,226.941248275862,0.988593512673684,0.183577206655579,0.063348275862069,0.00857744636864006,0.00159279180412014,2.41269310344828,0.136059939341439,0.0252656964483577,4.67852068965517,0.00284145074997479,0.000527644157930006,0.738275862068966,0.147371468587697,0.0273661946970412,18.099075862069,0.0262263179591529,0.00487010498256378
"97","NRSPHB",2016-09-26,35.6996566666667,0.105910768178179,0.0193365722712963,215.01882,12.2359670810505,2.23397172772734,0.0879533333333333,0.0141159419130271,0.00257720660206585,1.32318333333333,0.490989360151123,0.0896419826832661,4.983,0.0377360250451328,0.00688962404926638,0.2782,0.0919341593488101,0.0167848042935393,21.01521,0.293723152962457,0.053626265513026
"98","NRSPHB",2016-10-31,35.6197366666667,0.0234170212678182,0.00427534359265409,223.73669,49.2335323204612,8.98877207919209,0.141013333333333,0.00755717212816491,0.00137974454851508,3.22694,1.23901183111993,0.226211576306723,4.80311333333333,0.0116534953564579,0.00212762742683791,0.291933333333333,0.125484697056662,0.0229102663998787,19.3698566666667,0.0870078739335517,0.0158853917446573
"99","NRSPHB",2016-12-05,35.5874733333333,0.0514118390587453,0.00938647465843332,218.360896666667,10.0089367575969,1.82737347959282,2.64385,0.0233022975040127,0.00425439799488137,2.32762666666667,1.09564753391532,0.200036956466775,4.93781666666667,0.136020751670682,0.0248338779929471,0.274266666666667,0.0774858978641668,0.0141469247162485,20.7078766666667,1.26180229274974,0.23037252628359
"100","NRSPHB",2017-02-05,35.6221433333333,0.0207719254056403,0.00379241736916128,213.574563333333,7.86676941608501,1.43626902129384,0.221916666666667,0.00687188591959689,0.00125462897692178,2.30543333333333,1.40797073669956,0.257059110932505,5.04216,0.147497737212334,0.0269292792840548,0.280466666666667,0.0879865715982228,0.0160640766739633,21.6713366666667,1.4132998045619,0.258032061158732
"101","NRSPHB",2017-03-22,35.4410666666667,0.0944871796935263,0.0172509199043961,200.5734,9.26226239708279,1.69105001613804,NA,NA,NA,0.113033333333333,0.0184380104643928,0.00336630474895474,5.00671666666667,0.112092803556675,0.0204652523473288,0.279533333333333,0.0727502735311048,0.013282321959219,21.5528933333333,1.13696673925006,0.207580776740118
"102","NRSPHB",2017-04-18,35.6873166666667,0.0338988666612839,0.00618905798141501,207.50591,3.86747363465146,0.706100850085032,0.0286766666666667,0.00943203211853403,0.00172204558481144,0.403813333333333,0.183858267626758,0.0335677735209991,5.2487,0.034810145172012,0.00635543391358018,0.819833333333333,0.363966660403199,0.0664509166942181,23.56776,0.354362518061514,0.0646974482255409
"103","NRSPHB",2017-06-14,35.7330666666667,0.00182725219242229,0.000333609081346819,226.3403,0.734418223423517,0.134085809203977,0.105263333333333,0.00536646569196045,0.000979778104521436,2.89025666666667,0.250783205843879,0.0457865396280513,4.77899,0.00090300265398475,0.00016486497435816,0.278633333333333,0.0813712155042782,0.0148562834211024,19.0033233333333,0.00413402061397605,0.000754765447822013
"104","NRSPHB",2017-07-17,35.69102,0.0283180020725218,0.00517013617286607,219.278193333333,6.22063775247685,1.13572787303327,0.0916533333333333,0.00343709313161606,0.000627524480144063,2.30716,0.173241964733801,0.0316295106637391,4.77720333333333,0.0074591523662537,0.0013618486702884,0.275466666666667,0.0853886584301788,0.0155897647924375,19.0345533333333,0.0395592417671956,0.00722249635789786
"105","NRSPHB",2017-09-22,35.5914933333333,0.0178050348038923,0.00325073973308546,222.374003333333,5.16003767478116,0.942089677351382,0.269886666666667,0.0323285689107342,0.00590236214808979,2.14149666666667,0.730422844698515,0.133356356186156,4.53588666666667,0.0295791134759477,0.00540038256059386,0.281366666666667,0.0864935649722521,0.0157914922047804,16.7794366666667,0.276619326977475,0.0505035484091535
"106","NRSPHB",2017-10-25,35.4970566666667,0.0137747065387932,0.00251490583143698,247.424223333333,13.0466516346132,2.38198180006309,0.17992,0.0345456260018844,0.00630713954145636,11.8417933333333,2.32585424127957,0.424640944472628,4.64201,0.0502722680116432,0.00917841840230745,0.277966666666667,0.0765431964288155,0.0139748117692037,17.9340333333333,0.491366876301646,0.0897109073870873
"107","NRSPHB",2017-12-11,35.5949482758621,0.0277775554397229,0.00515816255111116,240.120893103448,7.83059333739564,1.45410467791465,0.0481,0.00737030722367993,0.00136863169237001,0.832037931034483,0.762562295541342,0.141604263351618,4.83380344827586,0.139912841447704,0.0259811624079437,0.901172413793103,0.182300981300846,0.0338524423726689,19.6912482758621,1.34044768177882,0.248914885576563
"108","NRSPHB",2018-01-24,35.64792,0.0107997892699745,0.00197176273315576,223.587573333333,3.39800693347645,0.620388349341336,0.08297,0.0103862359183548,0.00189625856668444,1.31990333333333,0.609497171775472,0.111278449905676,5.02268666666667,0.0232270759561177,0.00424066448201718,0.279266666666667,0.093029447815837,0.0169847756936612,21.4590766666667,0.238022389099521,0.0434567439003598
"109","NRSPHB",2018-02-22,35.6401466666667,0.0269195446666068,0.00491481395055614,220.962846666667,8.9826762552161,1.64000480391596,0.139053333333333,0.0263137532327755,0.00480421207273854,1.88068666666667,2.20912133222821,0.403328528642419,5.11111666666667,0.111618494584604,0.0203786557729187,0.277766666666667,0.0854326447068636,0.0155977955510912,22.3123633333333,1.05078379858457,0.191845996515244
"110","NRSPHB",2018-03-27,35.6694413793103,0.00273528755884242,0.000507930148250726,223.016737931034,3.77204574491405,0.700451310221123,0.0932965517241379,0.00951098923646524,0.00176614636266371,1.26289655172414,1.21837656461456,0.226246848193095,5.14430344827586,0.0403805512128816,0.00749848011325181,0.286793103448276,0.0949753273639095,0.0176364755333174,22.5963827586207,0.387260839624153,0.0719125325767361
"111","NRSPHB",2018-05-29,35.70953,0.000345563008876083,6.30908850002629e-05,216.99555,0.396643576431205,0.0724168780336318,0.105706666666667,0.0355042972953526,0.00648216817234476,1.51015,0.257932274925562,0.0470917750951182,4.7318,0.000417711334082247,7.62633067341411e-05,0.764066666666667,0.241175702632396,0.0440324575513071,18.5707733333333,0.00125449078371925,0.000229037633475122
"112","NRSPHB",2018-07-25,35.7195733333333,0.000985737369139848,0.000179970197617897,223.589196666667,0.356551155572705,0.0650970369372347,0.0100533333333333,0.00609679018621378,0.00111311650445514,2.73633,0.885211716795324,0.161616808485558,4.63293,0.000382505352678412,6.98356033428118e-05,0.779833333333333,0.221538520560091,0.0404472150223614,17.5916466666667,0.00580925144049129,0.00106061935205882
"113","NRSPHB",2018-09-05,35.6508733333333,0.00188239270580017,0.000343676315683314,251.754553333333,1.79962012059122,0.328564178329327,0.0805533333333333,0.0219371316977958,0.00400515395928145,11.4153633333333,3.90669663274912,0.713261957028723,4.44828666666667,0.00371276765744374,0.000677855532252516,0.696233333333333,0.263744741190696,0.0481529813911687,15.8439666666667,0.0402404525693798,0.00734686786548868
"114","NRSPHB",2018-09-27,35.61731,0.0219956320115206,0.00401583460643085,231.042326666667,5.74284803709757,1.04849580474753,0.0864766666666667,0.0307084924043354,0.00560657799894352,2.77239333333333,1.02314718357838,0.186800264031252,4.57939333333333,0.0562431233089008,0.0102685424469432,0.704266666666667,0.184614030425331,0.033705756298633,17.1793533333333,0.534971127634286,0.0976719180730912
"115","NRSPHB",2018-11-21,35.40703,0.056043739999249,0.0102321402015144,199.18277,21.2948726529724,3.88789403707762,0.01233,0.0124218425530914,0.00226790779070191,3.16374333333333,0.622539287602956,0.113659603584445,4.57366666666667,0.16818036773641,0.0307053937129152,0.645733333333333,0.192529609605153,0.0351509367228019,17.3527666666667,1.60521944967322,0.293071634110684
"116","NRSPHB",2018-12-19,35.4872966666667,0.0378687250027423,0.00691385163598728,224.986973333333,24.8126308831907,4.5301458819243,0.0823733333333333,0.0548623099902954,0.0100164415795086,8.42615666666667,7.09697753270937,1.29572489492409,4.78708,0.144778273755851,0.0264327754575793,0.7651,0.195223717821375,0.0356428113369302,19.36237,1.40084646827897,0.255758403425945
"117","NRSPHB",2019-01-22,35.4588266666667,0.00565325254767717,0.00103213798121211,223.636476666667,14.754527402513,2.69379582789482,0.04216,0.0236151704601527,0.00431152052011843,3.08800333333333,3.37958666116632,0.617025283121455,4.82832666666667,0.171956014691274,0.0313947293817002,0.8063,0.216936054458769,0.039606923521079,19.7961866666667,1.68112650178043,0.306930302348297
"118","NRSPHB",2019-02-28,35.2653551724138,0.0145196808850921,0.00269623705218005,200.966979310345,0.680812162777092,0.126423644801942,-0.0177206896551724,0.00453749296027355,0.000842591289733989,0.158220689655172,0.211174241494875,0.0392140721886733,5.44816896551724,0.0105812537553205,0.00196488949443143,0.797586206896552,0.219835249552506,0.0408223810088893,25.9928034482759,0.120791722998008,0.0224304598511039
"119","NRSPHB",2019-04-09,35.4697766666667,0.0377488861067302,0.0068919721471165,212.437026666667,6.85489686217003,1.25152721359397,0.0186133333333333,0.00582933919087737,0.00106428685673082,2.72917333333333,1.22131923216274,0.222981364456806,5.01866333333333,0.0285132090784959,0.0052057759330511,0.7236,0.155893553426689,0.0284621385938115,21.6354233333333,0.300267969611667,0.0548211800841952
"120","NRSPHB",2019-05-23,35.3911,0.0098360125486468,0.00182650167653469,209.003910344828,1.29167230954538,0.239857526334964,0.0874137931034483,0.0107166667305094,0.00199003505265271,0.199344827586207,0.56839431143869,0.10554817388052,5.13239655172414,0.022509196259666,0.00417985281153231,0.703103448275862,0.13865459263621,0.0257475114693824,22.8251413793103,0.222626409544333,0.0413406864074777
"121","NRSPHB",2019-06-27,35.5541379310345,0.00406504382273864,0.000754859687367988,218.32454137931,0.466164439500882,0.0865645632392321,0.0906931034482759,0.00528764942608736,0.000981891848338986,0.749627586206897,0.369970570158291,0.0687018101411006,4.78708620689655,0.00332895566398956,0.000618171547800954,0.754724137931035,0.174050669254618,0.0323203978871784,19.2902275862069,0.0308113951155336,0.00572153243568578
"122","NRSPHB",2019-07-29,35.5811533333333,0.000443911557930844,8.10467912719949e-05,223.459523333333,0.380978639715587,0.0695568649666203,0.102596666666667,0.00906290215120404,0.00165465198155885,3.39747,0.908753388704966,0.165914910067657,4.81536666666667,0.00725155552080128,0.001323946845248,0.698933333333333,0.245191119450667,0.0447655690076913,19.5342533333333,0.072978602122924,0.0133240088659733
"123","NRSPHB",2019-08-28,35.5791137931034,0.0138238335632425,0.0025670214484296,233.411975862069,1.96815670500801,0.365477524921895,0.0189448275862069,0.00964900387926489,0.00179177503843178,1.39414137931034,0.124897888342098,0.0231929556132856,4.59037931034483,0.0126995607154158,0.00235824922174914,0.714172413793103,0.140367138239465,0.0260655232043224,17.3320206896552,0.143998492996356,0.0267398488539442
"124","NRSPHB",2019-10-29,35.6764833333333,0.0157614782112057,0.00287763905196784,242.12289,0.87851149595053,0.160393521119905,0.01377,0.00754755726640449,0.00137798912295726,1.76097,1.19176261207999,0.217585088609163,4.80643,0.0134782366082869,0.00246077807525022,0.638866666666667,0.173371582870799,0.031653175589571,19.3357666666667,0.116192869783416,0.0212138186005457
"125","NRSPHB",2019-11-19,35.6144033333333,0.0171655525807442,0.00313398678683821,236.41477,13.5180235054499,2.46804213560666,0.09775,0.0268098765897686,0.00489479139071531,2.32441,0.98503928972927,0.179842746337863,4.73948666666667,0.0436450236791552,0.00796845466397348,0.695866666666667,0.20743785664101,0.0378727977876013,18.75486,0.413891418044679,0.0755658886736237
"126","NRSPHB",2019-12-17,35.6575413793103,0.00887019557045513,0.00164715396615225,230.423062068966,1.22907189096192,0.228232920436083,0.0118172413793103,0.00916433572394005,0.00170177442142508,0.955837931034483,0.469081614444493,0.0871062690269076,4.94805517241379,0.0143812026669463,0.00267052229263131,0.661689655172414,0.227711142748921,0.0422848976594439,20.728975862069,0.131815879856207,0.024477594387004
"127","NRSPHB",2020-02-25,34.8228413793103,0.396814881738902,0.0736866736581922,214.137262068966,6.36982191382671,1.18284623441565,0.0150172413793103,0.0184982251844703,0.00343503418130546,1.77258275862069,0.172344571941888,0.0320035835697281,4.88914827586207,0.050654407654007,0.00940628735946908,0.496689655172414,0.154743590554614,0.0287351633787703,21.1714379310345,0.92150391263947,0.171118980689063
"128","NRSPHB",2020-05-20,35.6372266666667,0.0182771938790381,0.00333694379181484,221.940446666667,7.85429373179621,1.43399128339207,0.0547033333333333,0.032720082237201,0.00597384237491303,3.08909,0.522796965501839,0.0954492303335358,4.83231333333333,0.0246833705479862,0.00450654628146357,0.651633333333333,0.220977995992007,0.0403448777057029,19.6329766666667,0.221813501475409,0.0404974194390957
"129","NRSPHB",2020-06-10,35.5676333333333,0.0240424672170947,0.00438953387762708,227.152403333333,0.403654067055659,0.0736968126516959,0.04829,0.00961634205312803,0.00175569582106125,4.15727,0.11974801747693,0.0218628967962125,4.77129,0.0059005756586496,0.0010772927968361,0.517966666666667,0.176722163263428,0.0322649050768301,19.1206,0.0310682008402204,0.00567225147376322
"130","NRSPHB",2020-07-01,35.6506965517241,0.000554515720903542,0.000102970984317675,228.137827586207,0.227876426249829,0.04231559003504,0.031551724137931,0.00682331196757825,0.00126705722330697,4.12414482758621,0.280697117632673,0.0521241461841229,4.69189310344828,0.000571296166926444,0.00010608703491666,0.504344827586207,0.126029269803846,0.0234030478764321,18.2481137931034,0.00311731616916252,0.000578871080237426
"131","NRSPHB",2020-08-13,35.4431793103448,0.319316890720656,0.0592956580080169,237.846220689655,4.74759849129606,0.881606907370084,0.1072,0.210329029651843,0.0390571202896501,2.32102068965517,0.931987615406415,0.173065755419718,4.55326896551724,0.067685908553766,0.0125689576787126,0.549413793103448,0.0922355359320363,0.0171277090368411,17.1169965517241,0.319648372080008,0.0593572125511411
"132","NRSPHB",2020-09-01,35.6247433333333,0.000837765226487856,0.000152954304146941,255.956923333333,0.556409560568428,0.101586022511622,0.0418833333333333,0.010035319809461,0.00183219034380675,6.50089333333333,1.44457742274301,0.263742546833008,4.52516,0.000546209508875676,9.97237563783419e-05,0.4727,0.230745441169895,0.0421281610567443,16.6361066666667,0.00813459760288885,0.00148516753444322
"133","NRSPHB",2020-09-23,35.4189666666667,0.0254432340892338,0.00464527774885258,223.569226666667,26.670615018896,4.86936582279514,0.0352566666666667,0.0220982084362501,0.00403456241366171,2.71302333333333,1.38491333419456,0.252849424442683,4.55887333333333,0.065263243778606,0.0119153835978337,0.548333333333333,0.147247933849642,0.0268836716384925,17.20166,0.670277188981518,0.12237531206211
"134","NRSPHB",2020-10-14,35.5773733333333,0.0283707101673945,0.00517975931037439,NA,NA,NA,-0.000396666666666667,0.013569704678344,0.0024774777836708,1.68698666666667,0.292719753858278,0.0534430707385128,4.68889333333333,0.0347936769258869,0.00635242723695175,0.515366666666667,0.180587066274822,0.0329705365974669,18.3027266666667,0.312611606479585,0.057074809535599
"135","NRSPHB",2020-11-11,35.5910448275862,0.120085750868187,0.0222993641177133,NA,NA,NA,0.0319827586206897,0.0355288219917045,0.00659753661478185,1.45886551724138,0.203810299185756,0.037846622431265,4.82073793103448,0.031206448667281,0.00579489203857555,0.520586206896552,0.121622811899677,0.0225847891857545,19.5743827586207,0.247426960462167,0.0459460330971421
"136","NRSPHB",2021-02-11,35.4729933333333,0.0221224481611706,0.00403898796170393,236.51907,7.83468652816347,1.43041151415232,0.0832133333333333,0.029668324375744,0.0054166701679918,3.43641333333333,2.57454773955823,0.470045957443325,4.98483666666667,0.0616611904061123,0.0112577416360163,0.784966666666667,0.208017486554962,0.0379786232472267,21.3042033333333,0.575194046707558,0.105015584774803
"137","NRSPHB",2021-03-10,35.3898333333333,0.0666343358385427,0.0121657096143816,195.302833333333,5.24374965474222,0.957373323937414,0.0805233333333333,0.0157238164037504,0.00287076297813462,0.761476666666667,0.261293417686777,0.0477054329982225,5.09141666666667,0.14441893820633,0.0263671700621838,0.7551,0.19378540388435,0.0353802123409026,22.42987,1.46646076687824,0.267737880571845
"138","NRSPHB",2021-04-22,35.481875862069,0.00188180292964292,0.000349442031402609,200.726503448276,0.855439394397805,0.158851107632673,0.16791724137931,0.0157639749557001,0.00292729666041331,0.651279310344828,0.082746093474083,0.0153655638104998,4.98222068965517,0.000425423579124171,7.89991753939546e-05,0.7,0.140942237408501,0.0261723164390019,21.2693172413793,0.00475928183099045,0.00088377644908567
"139","NRSPHB",2021-05-19,35.3935733333333,0.00505779925791203,0.000923423581630436,209.671583333333,0.308114770469723,0.0562538033622646,0.07575,0.0100564527234662,0.00183604866837556,0.478626666666667,0.0189304340503152,0.00345620858424051,4.78966333333333,0.00249170808791918,0.000454921575490466,0.6689,0.198653284861356,0.0362689617470213,19.5041733333333,0.0154273588892868,0.00281663748879674
"140","NRSPHB",2021-06-15,35.5860533333333,0.00545203115161294,0.000995400148653091,205.34728,0.957262223433997,0.174771371074117,0.0782133333333333,0.0228998228171633,0.00418091650661061,0.521683333333333,0.0792965976716457,0.0144775117593907,4.81061333333333,0.0138722181637116,0.00253270893696592,0.698766666666667,0.195987100795335,0.0357821853618813,19.4821833333333,0.133685557684192,0.0244075318520966
"141","NRSPHB",2021-10-28,35.5603,0.00488657555857462,0.000892162554128242,227.08103,3.01426793481636,0.55032751408781,0.09385,0.12922615767555,0.0235933605262061,0.269833333333333,0.0763441632632634,0.0139384734510489,4.76154,0.0222110348467945,0.00405516160370755,0.785066666666667,0.192727238619109,0.0351870186791223,19.0337333333333,0.214663697416461,0.039192049784153
"142","NRSPHB",2021-11-10,35.48072,0.0357484545120487,0.0065267449773988,210.167623333333,18.4055849428951,3.36038468576703,0.1179,0.0232295887415909,0.00424112325177913,0.940733333333333,0.383630958023493,0.0700411098222615,4.66984,0.11216544615141,0.0204785150099194,0.783966666666667,0.186006207410942,0.0339599318783191,18.2233633333333,1.07323335364114,0.195944705752058
"143","NRSPHB",2021-11-25,35.3858344827586,0.0276079475599493,0.0051266671585191,213.582413793103,15.5674684676485,2.89080632166059,0.108786206896552,0.0439067658643853,0.00815328173544767,0.845913793103448,0.156054149768914,0.0289785281152707,4.66955172413793,0.0478286123323212,0.0088815503415895,0.746413793103448,0.194595279131069,0.0361354361659016,18.3337275862069,0.504152358558794,0.0936187427153335
"144","NRSPHB",2021-12-16,35.5532793103448,0.00279647473365353,0.000519292321369373,216.862720689655,0.508344504515331,0.0943972046764202,0.129424137931034,0.0103324611634683,0.00191868986995151,1.23189310344828,0.202152765662567,0.0375388261831367,5.07514482758621,0.00190555320180937,0.000353852346224355,0.626413793103448,0.170036659333337,0.0315750149574002,22.0769551724138,0.024590918564829,0.00456641893898027
"145","NRSMAI",2014-09-16,35.2907666666667,0.00550562930308473,0.00100518578752032,267.32396,1.71479364448683,0.313077053517309,0.160133333333333,0.021491479198997,0.0039237893171479,0.528023333333333,0.169149317189716,0.0308822988704679,4.12866,0.00146678160469171,0.000267796457274425,0.649666666666667,0.167025980496806,0.0304946324025063,13.01086,0.0103350625175359,0.00188691562469352
"146","NRSMAI",2014-10-29,35.2592433333333,0.00658983979363279,0.00120313463510596,244.459853333333,0.824637607233849,0.150557539749688,0.16028,0.0112952049637186,0.002062212850091,0.251866666666667,0.0622168140780528,0.0113591841755515,4.12789333333333,0.00215245382558237,0.000392982504753251,0.5238,0.161689229377073,0.0295202794118166,13.03683,0.0206471363965879,0.00376963411743238
"147","NRSMAI",2014-11-28,35.2506206896552,0.000573447787101962,0.000106486580752781,240.282762068966,1.69544682762261,0.31483657201659,0.142996551724138,0.00309313557490277,0.000574380856609039,0.0729586206896552,0.033557110351942,0.00623139895504852,4.2050275862069,0.00207104124117788,0.000384582703659147,0.654689655172414,0.195846897828795,0.0363678559232447,13.834124137931,0.0229676737918507,0.00426498995191792
"148","NRSMAI",2014-12-09,35.272575862069,0.00773566209062288,0.00143647638794162,242.342086206897,1.4839620390611,0.275564832685359,0.261593103448276,0.00766713445420884,0.00142375112532324,0.456068965517241,0.162478603214279,0.0301715191704105,4.2686275862069,0.0180365085422343,0.00334929555328348,0.689758620689655,0.13240809620596,0.0245875662023453,14.4565275862069,0.178212817994489,0.0330932895049721
"149","NRSMAI",2015-02-25,35.57151,0.0136738196868168,0.00249648649657593,236.280863333333,0.639319599252599,0.116723255321937,0.160666666666667,0.0140451816092488,0.0025642875972141,0.238363333333333,0.171349921230642,0.0312840723615853,4.67301666666667,0.0176742767170616,0.00322686668184099,0.6975,0.168498593056645,0.0307634934416693,18.1540366666667,0.161561446586086,0.0294969495727884
"150","NRSMAI",2015-03-12,35.5630366666667,0.0153311826327768,0.00279907818706776,234.984353333333,0.807219100596496,0.147377370081911,0.17958,0.012891574366817,0.00235366869415368,0.34759,0.11028469850409,0.0201351390394487,4.56767333333333,0.0136567005994994,0.00249336099314671,0.6949,0.167397390083886,0.0305624422054786,17.1260933333333,0.121340268022112,0.0221536006431446
"151","NRSMAI",2015-07-23,35.34738,0.00882470669630768,0.00161116364031154,-71.70162,0.0944853442384695,0.0172505847976835,0.576523333333333,0.00578307180832384,0.00105583962703039,0.10818,0.0443682349870047,0.0081004943796908,4.10047,0.00107033671788609,0.000195415854837418,0.669566666666667,0.163097111611739,0.0297773223645623,12.6614866666667,0.0065984707388876,0.00120471042290884
"152","NRSMAI",2015-08-12,35.2751413793103,0.000118071532130181,2.19253330879966e-05,266.248517241379,0.399469845159956,0.0741796879885126,0.575003448275862,0.00563423735228397,0.00104625161050215,0.207624137931034,0.0539353558515881,0.0100155441445603,4.01522413793103,0.000488185541728467,9.06537792644149e-05,0.712931034482759,0.133758292409022,0.0248382913428783,11.8602,0.00208840335458193,0.000387806767179181
"153","NRSMAI",2015-10-01,35.1666166666667,0.0327438657938615,0.00597818463840658,281.838213333333,8.04127785387772,1.46812975724519,0.719456666666667,0.0295840903578064,0.00540129121074721,1.07612666666667,0.31814697420438,0.058085424791251,4.04018333333333,0.00666235348979536,0.00121637376414473,0.696833333333333,0.20111655281476,0.0367186908881076,12.2331266666667,0.0397036255908384,0.00724885711694718
"154","NRSMAI",2015-11-18,35.3862066666667,0.174704317561738,0.0318964985407032,261.546973333333,20.6886277954645,3.77720937580142,0.641213333333333,0.0245397739546868,0.00448032925035324,1.30241333333333,0.481974926900684,0.0879961798718027,4.30505333333333,0.0258173255557305,0.00471357719377606,0.7107,0.203124244295676,0.037085243525644,14.7003666666667,0.206346393288055,0.0376735247545667
"155","NRSMAI",2015-12-17,35.3905166666667,1.2028238409972,0.219604583473058,-66.1210166666667,0.837462885264417,0.152899104444227,0.621523333333333,0.0958040661556388,0.0174913493780535,0.551443333333333,2.0172872008755,0.368304568295321,4.49142333333333,0.14049319208769,0.025650430160778,0.6918,0.172279324114188,0.0314537573363615,16.57174,0.582989750664032,0.106438879077668
"156","NRSMAI",2016-02-10,35.3703933333333,0.0515073140660512,0.00940390593015979,-62.7540433333333,1.26126485738376,0.230274404459206,0.56769,0.00859820951690245,0.00156981110218769,0.286603333333333,0.226338354412505,0.0413235407801094,4.76173666666667,0.0988128341633935,0.0180406727474359,0.7173,0.218953490573872,0.0399752552772682,19.25608,1.02980160841283,0.188015190227603
"157","NRSMAI",2016-03-04,35.60033,0.00622570588713492,0.00113665318359217,-62.7478666666667,0.127310701485161,0.023243647671743,0.56185,0.00782686575751794,0.00142898364331911,0.442276666666667,0.195126814084361,0.0356251192160404,4.78303333333333,0.00539267276405959,0.000984562839373058,0.702766666666667,0.20653039908722,0.0377071194635383,19.19701,0.0494796255526207,0.00903370235069312
"158","NRSMAI",2016-03-22,35.6392275862069,0.0131453657383162,0.00244103313623766,-62.2723482758621,0.430734168617697,0.0799853271058745,0.551562068965517,0.0053309349081633,0.000989929760571234,0.166131034482759,0.089771050469865,0.0166700655755108,4.82608965517241,0.034027198625591,0.00631869215599684,0.726344827586207,0.124113506765285,0.0230472996111193,19.5698482758621,0.319531285770591,0.059335470169318
"159","NRSMAI",2016-04-28,35.6459,0.00468447283205776,0.000869884766730177,230.419017241379,6.4724903192042,1.20191127867232,0.590265517241379,0.014420032590167,0.00267773282835517,0.871331034482759,0.211528093546947,0.0392797808651474,4.62274137931034,0.000788541710727307,0.000146428519640218,0.723827586206897,0.161206404730421,0.0299352778427223,17.5749931034483,0.00796290197615035,0.00147867377533195
"160","NRSMAI",2016-05-31,35.5092034482759,0.0139406518283404,0.00258871405567222,244.079124137931,0.57951354455709,0.107612963634711,0.606903448275862,0.0125618322923796,0.00233267369565685,0.21971724137931,0.061096370414555,0.0113453111655212,4.28726551724138,0.00166202885097635,0.00030863100954207,0.650827586206897,0.187876872477223,0.0348878593703047,14.3867310344828,0.0141649240693913,0.00263036036531788
"161","NRSMAI",2016-07-01,35.2953933333333,0.00335157537156247,0.000611911144727842,249.239486666667,1.42505444946992,0.260178155882595,0.698386666666667,0.00484004369696243,0.000883667037379007,0.21917,0.052991581309253,0.009674894813649,4.15711666666667,0.00028897360974046,5.27591215261814e-05,0.697133333333333,0.198810381560149,0.0362976435489009,13.2970766666667,0.00365434869269701,0.000667189737326555
"162","NRSMAI",2016-07-21,35.2367966666667,0.00192792247185172,0.000351988875651435,253.59665,0.984144927212764,0.17967945882957,0.830276666666667,0.031086383351639,0.00567557113098191,0.127766666666667,0.0363017272632977,0.00662775829950281,4.1213,0.000473432076474015,8.6436475910443e-05,0.700766666666667,0.173357450797843,0.0316505954378568,12.9933,0.00260635827319931,0.000475853739723825
"163","NRSMAI",2016-08-31,35.22148,0.001190305669232,0.000217319088454882,264.741813333333,0.579974909524675,0.105888446911228,0.558973333333333,0.00440101346739929,0.000803511450659539,0.52042,0.171383818895806,0.0312902612002043,4.06374666666667,0.00293172108252942,0.000535256589738276,0.6028,0.151582093383364,0.0276749772866409,12.4180366666667,0.034260749466744,0.00625512843998959
"164","NRSMAI",2016-09-27,35.11209,0.0135825280771108,0.00247981900526028,268.759346666667,4.24563657163879,0.775143640418489,0.661913333333333,0.0271698582146153,0.00496051474278728,0.607463333333333,0.311515179774413,0.0568746303225744,4.09945666666667,0.00994275627272695,0.00181529063144951,0.604466666666667,0.114282086970351,0.0208649589841428,12.9027966666667,0.108471119573872,0.0198040263428166
"165","NRSMAI",2017-01-05,35.23331,0.00145373478584813,0.000265414444946321,248.167813333333,2.67122824890482,0.487697322723398,0.636996666666667,0.00816419784404944,0.00149057177437364,0.259516666666667,0.104636322839974,0.0191038914512823,4.48538,0.0130943104254191,0.00239068306499237,0.598933333333333,0.139782079985445,0.0255205994476733,16.6821833333333,0.133334078949064,0.0243433609081924
"166","NRSMAI",2017-02-24,35.5221966666667,0.00940804803432132,0.00171766671016331,251.0917,3.64239839571448,0.665007921584484,0.665046666666667,0.0139985647868613,0.00255577656882048,0.61744,0.128088427429566,0.0233856403528457,4.60877,0.00912276992116335,0.00166558229091693,0.5099,0.154707588472688,0.0282456120079057,17.57834,0.091536525967544,0.0167122067026938
"167","NRSMAI",2017-03-24,35.5483,0.00359664594712402,0.000656654705533119,234.669533333333,18.272240057706,3.33603935191836,0.576773333333333,0.00383647946855495,0.000700442115444327,0.0999333333333333,0.0206695567130174,0.00377372748845066,4.64622666666667,0.00130435169081556,0.00023814094799323,0.820066666666667,0.21623916091366,0.039479688749467,17.9177033333333,0.0141776775330056,0.00258847793262045
"168","NRSMAI",2017-04-12,35.4105466666667,0.00201267249564199,0.000367462042244446,243.408986666667,1.80281850382869,0.329148120544896,0.595573333333333,0.0034019196744286,0.000621102714835058,0.222406666666667,0.0341302367040029,0.00623130017859105,4.48096333333333,0.000684550360019062,0.000124981224643574,0.622766666666667,0.168910440120228,0.0308386860839915,16.4377633333333,0.00748075615453922,0.00136579296434558
"169","NRSMAI",2017-06-02,35.25054,0.0063620968133214,0.00116155464589596,253.479566666667,3.43265719416368,0.626714592475279,0.601546666666667,0.0133509584657441,0.00243754037200086,0.214096666666667,0.0670349959212419,0.012238859802777,4.23501,0.000729832290607808,0.000133248536253854,0.576666666666667,0.179779622437244,0.0328231181962136,14.1396633333333,0.00176937225052272,0.000323041698078326
"170","NRSMAI",2017-06-27,35.2493733333333,0.000378684959894314,6.91380982406849e-05,259.148853333333,2.99033837454875,0.545958594104561,0.64932,0.00701325837991504,0.00128043993876387,0.158753333333333,0.035112113376257,0.00641056551261828,4.168,0.000593063350689467,0.000108278058400739,0.457366666666667,0.154344550373135,0.0281793306224527,13.4578866666667,0.00221370859580158,0.000404166044554537
"171","NRSMAI",2017-08-01,35.21469,0.00238433826574926,0.000435318617624539,266.529976666667,3.10414741147959,0.566737186362881,0.6141,0.0842449711995546,0.0153809570274564,0.234366666666667,0.0745621394789484,0.0136131219094888,4.05741,0.0003220087812039,5.87904910600405e-05,0.495033333333333,0.176858892386252,0.0322898682851097,12.3599966666667,0.00674355290237482,0.00123119868078671
"172","NRSMAI",2017-09-22,35.2254633333333,0.00697900710917287,0.0012741865408943,273.560363333333,2.78911983502438,0.509221283075981,0.636146666666667,0.0214379896981702,0.00391402351508373,0.413753333333333,0.237747303887441,0.043406520441729,4.01923666666667,0.00235788966623999,0.000430489786102656,0.562366666666667,0.131626033305263,0.0240315158654062,11.95436,0.0213078195133567,0.00389025779957141
"173","NRSMAI",2017-10-15,35.0733366666667,0.0289097225422731,0.00527816905587285,297.68582,4.55518907676766,0.831659937015594,0.697706666666667,0.0618839510882979,0.0112984119862024,1.26314,0.390279144662664,0.0712548970851877,4.03503333333333,0.0110527366975671,0.00201794440380756,0.612966666666667,0.135535332798432,0.0247452530375569,12.27923,0.144846094658886,0.0264451578037335
"174","NRSMAI",2017-11-24,35.1724766666667,0.0200411590850249,0.00365899830313925,264.20284,6.09544364313383,1.11287066044862,0.645183333333333,0.0485274475005593,0.00885985921806801,0.648053333333333,0.298157433226988,0.0544358506220872,4.24668,0.090464888978714,0.0165165534519474,0.467166666666667,0.148221196151245,0.0270613642108115,14.3411233333333,0.942528590870959,0.172081390104527
"175","NRSMAI",2017-12-18,35.4397866666667,0.00813157885730972,0.00148461638942687,255.50268,2.35861884590873,0.430622915487005,0.634733333333333,0.0100927537451837,0.00184267629786062,0.309266666666667,0.187172817679707,0.0341729247983258,4.55974666666667,0.0316882740559292,0.00578546083627939,0.667466666666667,0.18454188074019,0.03369258362861,17.1873133333333,0.309039011858656,0.0564225459813642
"176","NRSMAI",2018-01-17,35.3360655172414,0.00748170510846601,0.00138931776025757,250.555731034483,1.64435085218267,0.305348287577785,0.59828275862069,0.0101666144444001,0.00188789290736857,0.441637931034483,0.17133217822571,0.0318155867762342,4.51032413793103,0.0126314419257324,0.00234559988006266,0.729034482758621,0.14049084432767,0.0260884948482061,16.8141344827586,0.121483012556906,0.0225588290995218
"177","NRSMAI",2018-03-02,35.5349666666667,0.00510809589555253,0.000932606449297892,245.629626666667,1.44554258586188,0.263918760703633,0.611943333333333,0.0203231765663522,0.00371048741518382,0.543663333333333,0.2565256006359,0.046834952681948,4.65256,0.00515341199327334,0.000940879998944489,0.6592,0.180743369220675,0.0329990734805496,17.9952266666667,0.048766727869793,0.00890354563666717
"178","NRSMAI",2018-03-16,35.69242,0.00942284092163724,0.00172036750952116,237.452236666667,1.80925293126717,0.330322880895791,0.582553333333333,0.00490543212855056,0.000895605277039241,0.181376666666667,0.0198299091992519,0.00362042952723649,4.76174,0.00583234737151932,0.00106483607286236,0.7828,0.206227594394289,0.0376518351432593,18.8824433333333,0.0487915176583219,0.00890807161212485
"179","NRSMAI",2018-04-19,35.4785310344828,0.00899087249255221,0.00166956310801124,243.255648275862,1.7569403436536,0.326255631271661,0.598410344827586,0.0160854713689889,0.00298699704560168,1.71626206896552,0.316089238545285,0.0586962980457935,4.42959655172414,0.00397909562217891,0.000738899507199339,0.693896551724138,0.179822798655388,0.0333922554082562,15.8490034482759,0.0261770548757961,0.00486095705764019
"180","NRSMAI",2018-06-06,35.4963066666667,0.000456322128608123,8.33126411091474e-05,251.178573333333,1.83784590700229,0.335543220161231,0.579726666666667,0.00513365725205814,0.000937273293150743,1.22169666666667,0.287624693778654,0.0525128442926948,4.307,0.0005771511485528,0.000105372901050795,0.556566666666667,0.197184787014326,0.0360008519481993,14.5998033333333,0.00193862434933019,0.000353942762218973
"181","NRSMAI",2018-06-27,35.3069233333333,0.000247307338226063,4.51519359276581e-05,266.7436,3.42359378491928,0.625059847911594,0.574663333333333,0.00570054343043704,0.00104077207562942,1.38249,0.197695583384291,0.0360941101795732,4.18975333333333,0.000451612691350171,8.24528194360356e-05,0.605333333333333,0.145135212422959,0.0264979432441196,13.6176733333333,0.0059654715299559,0.0010891411077039
"182","NRSMAI",2018-07-11,35.2768266666667,0.000959861101062441,0.000175245859041215,264.038573333333,3.62738103186016,0.662266138605391,0.601273333333333,0.00743115219791021,0.00135673656234984,1.20733,0.28046984243808,0.0512065531344187,4.14092666666667,0.000748300757041379,0.000136620401476585,0.618566666666667,0.162186287811341,0.0296110294507655,13.1513766666667,0.0033815608855955,0.000617385725539268
"183","NRSMAI",2018-09-20,35.1964533333333,0.0060229293670865,0.00109963142553786,263.564916666667,3.90040389297485,0.712113065187763,0.741923333333333,0.618757291107629,0.11296910865348,0.29397,1.10734375254947,0.202172384061255,4.04057,0.00128066523661572,0.000233816412902374,0.534766666666667,0.131831837328216,0.0240690903673386,12.2054766666667,0.0167005406341011,0.00304908760927627
"184","NRSMAI",2018-10-19,35.2318233333333,0.00305892513613985,0.00055848076626112,274.877433333333,7.02817828382259,1.28316392807253,0.640923333333333,0.0371320447474474,0.00677935283815605,0.758696666666667,0.415941758591548,0.0759402279296531,4.10465333333333,0.0355188510738903,0.0064848253166121,0.478133333333333,0.150566684352089,0.0274895898094664,12.8273766666667,0.365686484039533,0.0667649120944017
"185","NRSMAI",2019-03-21,35.42958,0.0169900254713537,0.00310194006774925,235.67881,2.10568656366025,0.384444009984086,0.584746666666667,0.006100013190112,0.0011137049417678,-0.113556666666667,0.0665670918145271,0.0121534325914447,4.59629,0.0263484652435328,0.00481054958984125,0.629566666666667,0.169795959363266,0.0310003590388305,17.56088,0.246529567926586,0.0450099351484644
"186","NRSMAI",2019-05-01,35.3973466666667,0.00077180189227491,0.000140911102108047,242.784043333333,2.20448814196345,0.402482627702011,0.662176666666667,0.0107024870887592,0.0019539978666404,0.0788333333333333,0.0239885221596141,0.00437968490267774,4.36593333333333,0.000467076995301801,8.52762021395102e-05,0.8444,0.207565793474478,0.0378961557508101,15.3014866666667,0.000471778245199551,8.61345290119991e-05
"187","NRSMAI",2019-06-24,35.3699333333333,0.00148656821487284,0.000271408981518681,256.06553,3.44857788432295,0.629621299519041,0.570783333333333,0.0053104375644985,0.000969548814766209,0.25463,0.0740117239081895,0.0135126302347866,4.18449,0.000534563953788232,9.75975786396547e-05,0.3758,0.112772092414685,0.0205892729575267,13.49611,0.00744637611468679,0.00135951605656054
"188","NRSMAI",2019-07-31,35.29617,0.00149991953807172,0.000273846588481536,261.327096666667,3.63072583286548,0.662876812925719,0.56629,0.00546596680409316,0.000997944439058748,0.209753333333333,0.0761490857749968,0.0139028573374538,4.09867,0.000494905076234608,9.03568913591696e-05,0.663033333333333,0.186782647671737,0.0341016898267834,12.69764,0.00663068103851206,0.00121059119213828
"189","NRSMAI",2019-08-29,35.17557,0.00161184195340594,0.000294280732337874,268.991543333333,5.10572973599494,0.932174449643108,0.597836666666667,0.0059892710588261,0.00109348628731064,0.23679,0.0869316788811964,0.0158714804950089,4.0114,0.000492705409641203,8.99552890217701e-05,0.695033333333333,0.21879867668599,0.0399469902577321,11.9259766666667,0.00866836035616711,0.00158261883455208
"190","NRSMAI",2019-09-25,35.09513,0.0149481667656996,0.00272914937697424,289.125463333333,1.6741955467057,0.305664888868469,0.599466666666667,0.0076422750419029,0.00139528214370299,1.35399,0.368498295836606,0.0672782763439737,3.98743666666667,0.00257018493006101,0.000469249421051417,0.7303,0.206031659770013,0.0376160625387552,11.7625533333333,0.0283057290817704,0.00516789544157188
"191","NRSMAI",2019-10-15,35.2926266666667,0.00188550429243206,0.000344244411079286,154.177283333333,166.341011719473,30.3695747856623,0.585523333333333,0.0180820101745913,0.00330130828588719,0.460846666666667,0.233268974145407,0.0425888930351763,4.12928333333333,0.00420804511360806,0.000768280410574175,0.460066666666667,0.123693986510463,0.0225833288798401,13.0154,0.0456321272184714,0.00833124847483408
"192","NRSMAI",2019-11-22,35.06929,0.000741084945570602,0.000135302980572169,285.376693333333,7.27696325631421,1.32858564187318,0.662016666666667,0.0222259879472181,0.0040578916538431,1.86704333333333,0.719435841563677,0.131350413034046,4.08057333333333,0.0192305779017891,0.00351100710355676,0.8387,0.227131307913468,0.0414683136199527,12.75418,0.201753125686166,0.0368349126618294
"193","NRSMAI",2019-12-11,35.09406,0.00383528086459738,0.000700223281302634,266.558556666667,2.34554636289101,0.428236217543202,0.626213333333333,0.0272576561004785,0.0049765443703168,0.46449,0.188926713304392,0.0344931408640423,4.13109,0.0119870720591696,0.00218852992174903,0.384833333333333,0.0872353468906179,0.0159269224345932,13.2476133333333,0.123148958676022,0.0224838208667095
"194","NRSMAI",2020-01-07,35.1900366666667,0.0536378114401771,0.00979287975366455,252.097076666667,22.4149068942151,4.0923833767799,0.5864,0.0263771191336943,0.0048157810505085,0.222633333333333,0.0807303785633915,0.014739283138367,4.42592666666667,0.0160831660404616,0.00293637094548728,0.572066666666667,0.131361814987391,0.0239832764211381,16.1357666666667,0.216920758348063,0.0396041308461204
"195","NRSMAI",2020-02-24,35.5787133333333,0.00335176055985161,0.000611944955328958,236.389423333333,1.56588502741803,0.28589018399215,0.653213333333333,0.0433720053787545,0.00791860857005975,0.177043333333333,0.0543999916539885,0.00993203418566076,4.61725666666667,0.00214165313739633,0.000391010577901227,0.551233333333333,0.133379852517055,0.024351717980101,17.5977433333333,0.028540747438843,0.0052108037267707
"196","NRSMAI",2020-05-26,35.1031233333333,0.0022756103134873,0.000415467700262799,252.49347,1.86417942919704,0.340351041536107,0.72013,0.0038336216783107,0.000699920356717194,0.188433333333333,0.0327815900114403,0.00598507210671729,4.13657666666667,0.00103313494573167,0.000188623771574704,0.565766666666667,0.152243607721159,0.0277957527282821,13.29419,0.00443818462421511,0.000810297944351736
"197","NRSMAI",2020-06-29,35.26302,0.00297430374350383,0.000543031084396369,259.488813333333,0.513645805598761,0.0937784647647849,0.736703333333333,0.0337896789315739,0.00616912312056003,0.301016666666667,0.0683161014157254,0.0124727565954011,4.13623666666667,0.00208019948203468,0.000379790726806985,0.532133333333333,0.143170680232235,0.0261392703788514,13.1183833333333,0.014633100959064,0.00267162649384328
"198","NRSMAI",2020-08-10,35.3412933333333,0.00018557149999249,3.38805655253189e-05,261.70756,0.414050103248385,0.0755948604954945,0.710736666666667,0.00541151284433179,0.00098800255168982,0.4087,0.0591324929640036,0.0107960667593001,4.12049666666667,0.000346890953086584,6.33333333333295e-05,0.561966666666667,0.155270283440007,0.0283483455834376,12.8733,0.00126572863028268,0.00023108937416198
"199","NRSMAI",2020-09-10,35.26114,0.0018617011130911,0.000339898564990824,267.18809,0.421968769354255,0.0770406045126734,0.75967,0.00893436411105824,0.0016311842535304,0.447326666666667,0.14246337686271,0.0260101350420219,4.04583,0.0017246988742666,0.000314885492779862,0.395466666666667,0.120196601401644,0.0219447966410459,12.1912666666667,0.0197749638533752,0.00361039792544763
"200","NRSMAI",2020-09-29,35.1979666666667,0.000315499968122237,5.76021498109033e-05,287.489976666667,3.37273601220989,0.615774531465792,0.765103333333333,0.017248377901411,0.00314910855232548,1.38365666666667,0.327984842672628,0.0598815656171938,4.02295666666667,0.00338563734470852,0.000618129981742917,0.5843,0.194136665335496,0.0354443436143607,12.022,0.0381973369716285,0.00697384769866234
"201","NRSMAI",2020-10-21,35.1625333333333,0.000564057549847825,0.000102982347927583,274.314713333333,2.15889450936694,0.394158407351441,0.820406666666667,0.0164315703980821,0.00299998058742123,0.941303333333333,0.124918068275207,0.0228068146114337,4.06660333333333,0.00626734741961551,0.00114425585248174,0.572266666666667,0.15242611174018,0.0278290732509666,12.5102966666667,0.0684633276278992,0.0124996363012223
"202","NRSMAI",2020-11-19,35.1487733333333,0.0017352200165236,0.000316806381761488,270.68547,1.70709495769457,0.311671472044214,0.759673333333333,0.00719946996771928,0.00131443736780028,0.954323333333333,0.425804969669686,0.0777409956619634,4.26044,0.0227019002698468,0.0041447809586759,0.7322,0.168137956493449,0.0306976505147615,14.50963,0.234046607722066,0.0427308688523129
"203","NRSMAI",2021-01-06,35.36447,0.0515857849305073,0.00941823268434964,249.750273333333,7.09481513403703,1.29533009674704,0.723336666666667,0.0110084758359132,0.00200986351302673,0.412803333333333,0.157033856405144,0.0286703284817081,4.46214333333333,0.0770825025242583,0.0140732751404951,0.537533333333333,0.169444677846708,0.030936224101946,16.2992833333333,0.718515849696002,0.131182446267831
"204","NRSMAI",2021-02-16,35.5256,0.00687714856708688,0.0012555898005026,239.75767,3.74365060714529,0.683493961650462,0.719593333333333,0.0139127312902256,0.00254010558805484,0.5492,0.19073494155774,0.0348232766652012,4.62886333333333,0.0157047210853239,0.00286727666591964,0.5405,0.162807851627998,0.0297245109585362,17.7726133333333,0.150266000314691,0.0274346926661449
"205","NRSMAI",2021-03-30,35.6036033333333,0.00678865602123921,0.00123943334599199,231.7191,0.908855301635166,0.165933516737914,0.722346666666667,0.00933169361622671,0.00170372636444477,0.378273333333333,0.0798617336760675,0.014580691005284,4.66537666666667,0.0080123044742762,0.00146283996605355,0.557633333333333,0.143651994077001,0.0262271458621907,18.0424166666667,0.0747491533031664,0.0136472658061853
"206","NRSMAI",2021-04-28,35.5461133333333,0.0247010921625537,0.00450978179081492,238.39624,2.20372037177259,0.402342452684506,0.70875,0.0111048839829987,0.00202746515198874,0.249923333333333,0.0675084755002497,0.0123253049514239,4.46727,0.00338782302188091,0.000618529029973163,0.6006,0.130445285134393,0.0238159417294335,16.1494833333333,0.0173751523602021,0.00317225429592395
"207","NRSMAI",2021-05-31,35.35476,0.0040014307785925,0.000730557966576858,251.272513333333,0.675794253903652,0.123382585698468,0.720063333333333,0.005740147981592,0.0010480028443119,0.250566666666667,0.0616301668930433,0.011252077543376,4.25112666666667,0.00138562405543084,0.000252979183793753,0.644866666666667,0.172109174119487,0.0314226923396092,14.18953,0.0149321719324648,0.00272622913331882
"208","NRSMAI",2021-06-25,35.2724333333333,0.0131344068643454,0.00239800363968423,255.338823333333,1.52070899745941,0.277642207103196,0.717216666666667,0.0297560203509548,0.00543268118926691,0.21406,0.047695511246903,0.00870796913389004,4.16897,0.0015333420789355,0.00027994868166828,0.5994,0.172584332209323,0.0315094439410038,13.44293,0.00942166066334235,0.0017201520248239
"209","NRSMAI",2021-08-09,35.2686366666667,0.000385498632166381,7.03820989083046e-05,260.824023333333,0.369807856617589,0.0675173683373632,0.716426666666667,0.00489932671893298,0.000894490586849121,0.244683333333333,0.0881498961735197,0.016093895525325,4.09383333333333,0.000197105491330392,3.59863746032649e-05,0.542233333333333,0.13139455804963,0.023989254459068,12.6774,0.00573284547510036,0.00104666959513463
"210","NRSMAI",2021-09-01,35.28592,0.0209928296461375,0.00383274878101756,264.812656666667,1.56679900581064,0.286057052853051,0.68642,0.00778767372640672,0.00142182819014776,0.176653333333333,0.0450383034939061,0.00822283159179204,4.08176666666667,0.00230342074455297,0.000420545167072336,0.626733333333333,0.139719653625377,0.0255092020058092,12.5349933333333,0.00733014246149063,0.00133829479196162
"211","NRSMAI",2021-09-16,35.2442333333333,0.000545409263184859,9.9577652172873e-05,266.223436666667,0.520875091574736,0.0950983457660174,0.725913333333333,0.00665638057046399,0.00121528326326075,0.284253333333333,0.0982532678524138,0.0179385103837881,4.07891333333333,0.00397776001194686,0.000726236295628439,0.5357,0.143770686667441,0.0262488160652549,12.5499166666667,0.0435192235235413,0.00794548680298435
"212","NRSMAI",2021-11-01,35.1673866666667,0.0211712676690038,0.0038653269577644,267.253126666667,1.04290570900972,0.190407660725181,0.816496666666667,0.0290168141901747,0.00529772122629823,0.38493,0.152222663929499,0.0277919289325715,4.12014333333333,0.00437040859238224,0.000797923790520717,0.507166666666667,0.114606698767126,0.0209242247186515,13.0561566666667,0.0296940454187927,0.00542136616648524
