Project_name,Sample,Date,Preservation,Time_local,Latitude,Longitude,Location,Volume_m3,Vessel,Gear_depth_m,Gear_mesh_um,Bathym_m,A. jugosa,O. pedimacula ,Ratabulus spp,R. mcgroutheri ,S. tuberculata ,P. bassensis ,P. caeruleopunctatus,P. endrachtensis,P. fuscus,P. grandispinis,P. richardsoni ,Other
NRS_NSI,NSI20140917A,17/09/2014,Formalin,12:40,-27.345,153.562,North Stradbroke,55,Scylla,,Square-500,60,0,0,0,0,0,0,0,0,0,3,0,0
NRS_NSI,NSI20140917B,17/09/2014,Formalin,12:55,-27.345,153.562,North Stradbroke,272.2,Scylla,,Square-500,60,0,0,0,0,0,0,0,0,0,2,0,0
NRS_NSI,NSI20141020A,20/10/2014,Formalin,12:15,-27.345,153.562,North Stradbroke,152.8,Scylla,,Square-500,60,5,0,0,0,0,0,0,8,0,2,0,0
NRS_NSI,NSI20141020B,20/10/2014,Formalin,12:25,-27.345,153.562,North Stradbroke,112.1,Scylla,,Square-500,60,3,0,0,0,0,0,0,3,0,1,0,1
NRS_NSI,NSI20141107A,7/11/2014,Formalin,12:00,-27.345,153.562,North Stradbroke,130.6,Scylla,,Square-500,60,0,0,0,0,0,0,0,0,0,0,0,0
NRS_NSI,NSI20141107B,7/11/2014,Formalin,12:10,-27.345,153.562,North Stradbroke,113.3,Scylla,,Square-500,60,0,0,0,0,0,0,0,0,0,0,0,0
NRS_NSI,NSI20141223A,23/12/2014,Formalin,12:00,-27.345,153.562,North Stradbroke,153.1,Scylla,,Ring-500,60,0,0,0,0,0,0,0,0,0,0,0,0
NRS_NSI,NSI20141223B,23/12/2014,Formalin,12:15,-27.345,153.562,North Stradbroke,153,Scylla,,Ring-500,60,0,0,0,0,0,0,0,0,0,0,0,0
NRS_NSI,NSI20150119A,19/01/2015,Formalin,12:05,-27.345,153.562,North Stradbroke,129.5,Scylla,,Ring-500,60,0,0,0,0,0,0,0,0,0,0,0,0
NRS_NSI,NSI20150119B,19/01/2015,Formalin,12:15,-27.345,153.562,North Stradbroke,118.2,Scylla,,Ring-500,60,0,0,0,0,0,0,0,0,0,0,0,0
NRS_NSI,NSI20150304A,4/03/2015,Formalin,12:00,-27.345,153.562,North Stradbroke,120.8,Scylla,,Ring-500,60,0,0,0,0,0,0,0,0,0,0,0,0
NRS_NSI,NSI20150304B,4/03/2015,Formalin,12:15,-27.345,153.562,North Stradbroke,183.3,Scylla,,Ring-500,60,0,0,0,0,0,0,0,0,0,0,0,0
NRS_NSI,NSI20150323A,23/03/2015,Formalin,13:10,-27.345,153.562,North Stradbroke,129.5,Scylla,,Ring-500,60,5,0,0,0,0,0,0,0,0,0,0,0
NRS_NSI,NSI20150323B,23/03/2015,Formalin,13:15,-27.345,153.562,North Stradbroke,193.6,Scylla,,Ring-500,60,0,0,0,0,0,0,0,0,0,0,0,0
NRS_NSI,NSI20150512A,12/05/2015,Formalin,11:35,-27.345,153.562,North Stradbroke,153.6,Scylla,,Ring-500,60,0,0,0,0,0,0,0,0,0,0,0,0
NRS_NSI,NSI20150512B,12/05/2015,Formalin,11:47,-27.345,153.562,North Stradbroke,111.7,Scylla,,Ring-500,60,0,0,0,0,0,0,0,0,0,0,0,0
NRS_NSI,NSI20150528A,28/05/2015,Formalin,11:30,-27.345,153.562,North Stradbroke,137.3,Scylla,,Ring-500,60,0,0,0,0,0,0,0,0,0,0,0,0
NRS_NSI,NSI20150528B,28/05/2015,Formalin,11:40,-27.345,153.562,North Stradbroke,164.2,Scylla,,Ring-500,60,0,0,0,0,0,0,0,0,0,0,0,0
NRS_NSI,NSI20150624A,24/06/2015,Formalin,12:00,-27.345,153.562,North Stradbroke,172,Scylla,,Ring-500,60,0,0,0,0,0,0,0,0,0,0,0,0
NRS_NSI,NSI20150624B,24/06/2015,Formalin,12:10,-27.345,153.562,North Stradbroke,183.4,Scylla,,Ring-500,60,0,0,0,0,0,0,0,0,0,0,0,0
NRS_NSI,NSI20150731A,31/07/2015,Formalin,11:30,-27.345,153.562,North Stradbroke,172.8,Scylla,,Ring-500,60,0,0,4,0,0,0,0,0,0,0,0,0
NRS_NSI,NSI20150731B,31/07/2015,Formalin,11:45,-27.345,153.562,North Stradbroke,125.9,Scylla,,Ring-500,60,0,0,1,0,0,0,0,0,0,0,0,0
NRS_NSI,NSI20150817A,17/08/2015,Formalin,11:45,-27.345,153.562,North Stradbroke,162.9,Scylla,,Ring-500,60,1,0,0,0,0,0,0,1,0,0,0,0
NRS_NSI,NSI20150817B,17/08/2015,Formalin,12:00,-27.345,153.562,North Stradbroke,159.5,Scylla,,Ring-500,60,0,0,0,0,0,0,0,0,0,0,0,0
NRS_NSI,NSI20150907A,7/09/2015,Formalin,12:00,-27.345,153.562,North Stradbroke,197.4,Scylla,,Ring-500,60,0,0,0,0,0,0,0,0,0,1,0,1
NRS_NSI,NSI20150907B,7/09/2015,Formalin,12:15,-27.345,153.562,North Stradbroke,146.9,Scylla,,Ring-500,60,1,0,0,0,0,0,0,0,0,0,0,0
NRS_NSI,NSI20151027A,27/10/2015,Formalin,12:10,-27.345,153.562,North Stradbroke,170.6,Scylla,,Ring-500,60,2,0,0,0,0,0,0,0,0,1,0,0
NRS_NSI,NSI20151027B,27/10/2015,Formalin,12:25,-27.345,153.562,North Stradbroke,159.3,Scylla,,Ring-500,60,0,0,0,0,0,0,0,0,0,0,0,0
NRS_NSI,NSI2015111918A,19/11/2015,Formalin,11:41,-27.345,153.562,North Stradbroke,128.5,Scylla,18,Ring-500,60,0,0,0,0,0,0,0,0,0,0,0,0
NRS_NSI,NSI2015111922B,19/11/2015,Formalin,11:54,-27.345,153.562,North Stradbroke,124.9,Scylla,22,Ring-500,60,0,0,0,0,0,0,0,0,0,0,0,0
NRS_NSI,NSI2015121631A,16/12/2015,Formalin,11:50,-27.345,153.562,North Stradbroke,215.1,Scylla,31,Ring-500,60,0,0,0,0,0,0,0,0,0,0,0,0
NRS_NSI,NSF2015121635B,16/12/2015,Formalin,12:10,-27.3889,153.5802,North Stradbroke Ichthyo 30m,214,Scylla,35,Ring-500,30,0,0,0,0,0,0,0,0,0,0,0,0
NRS_NSI,NSI2016012015A,20/01/2016,Formalin,11:42,-27.345,153.562,North Stradbroke,278,Scylla,15,Ring-500,60,0,0,0,0,0,0,0,0,0,0,0,0
NRS_NSI,NSF2016012017B,20/01/2016,Formalin,12:00,-27.3889,153.5802,North Stradbroke Ichthyo 30m,235,Scylla,17,Ring-500,30,0,0,0,0,0,0,0,0,0,0,0,0
NRS_NSI,NSI2016031820A,18/03/2016,Formalin,11:54,-27.345,153.562,North Stradbroke,216.3,Scylla,20,Ring-500,60,0,0,0,0,0,0,0,0,0,1,0,0
NRS_NSI,NSF2016031820B,18/03/2016,Formalin,12:32,-27.3889,153.5802,North Stradbroke Ichthyo 30m,198.2,Scylla,20,Ring-500,30,1,0,0,0,0,0,0,1,0,0,0,0
NRS_NSI,NSI2016041230A,12/04/2016,Formalin,11:56,-27.345,153.562,North Stradbroke,228.4,Scylla,30,Ring-500,60,1,0,0,0,0,0,0,0,0,0,0,0
NRS_NSI,NSF2016041220B,12/04/2016,Formalin,12:23,-27.3889,153.5802,North Stradbroke Ichthyo 30m,221.3,Scylla,20,Ring-500,30,14,0,0,0,0,0,0,1,0,1,0,0
NRS_NSI,NSI2016051714A,17/05/2016,Formalin,11:48,-27.345,153.562,North Stradbroke,397.6966258,Scylla,14,Ring-500,60,1,0,0,0,0,0,0,0,0,0,0,0
NRS_NSI,NSI2016051713B,17/05/2016,Ethanol,12:05,-27.345,153.562,North Stradbroke,398.4743301,Scylla,13,Ring-500,60,11,0,0,0,0,0,0,8,0,0,0,0
NRS_NSI,NSF2016051713B,17/05/2016,Formalin,12:35,-27.3889,153.5802,North Stradbroke Ichthyo 30m,393.4878732,Scylla,13,Ring-500,30,0,0,0,0,0,0,0,0,0,0,0,0
NRS_NSI,NSI20160623A,23/06/2016,Formalin,11:45,-27.345,153.562,North Stradbroke,204.3379902,Scylla,,Ring-500,60,0,0,1,0,0,0,0,1,0,0,0,1
NRS_NSI,NSI20160623B,23/06/2016,Ethanol,12:00,-27.345,153.562,North Stradbroke,238.6027264,Scylla,,Ring-500,60,,,,,,,,,,,,
NRS_NSI,NSF20160623B,23/06/2016,Formalin,12:40,-27.3889,153.5802,North Stradbroke Ichthyo 30m,353.3979794,Scylla,,Ring-500,30,0,1,0,,0,0,,5,0,0,0,0
NRS_NSI,NSI2016072014A,20/07/2016,Formalin,11:42,-27.345,153.562,North Stradbroke,379.641687,Scylla,14,Ring-500,60,0,0,0,0,0,0,0,0,0,0,0,0
NRS_NSI,NSI2016072013B,20/07/2016,Ethanol,12:01,-27.345,153.562,North Stradbroke,337.6304061,Scylla,13,Ring-500,60,0,0,0,0,0,0,0,0,0,0,0,0
NRS_NSI,NSF2016072012B,20/07/2016,Formalin,12:52,-27.3889,153.5802,North Stradbroke Ichthyo 30m,352.7880152,Scylla,12,Ring-500,30,0,0,0,0,0,0,0,0,0,0,0,0
NRS_NSI,NSI2016082213A,22/08/2016,Formalin,12:15,-27.345,153.562,North Stradbroke,379.5349432,Scylla,13,Ring-500,60,6,0,0,0,0,0,0,1,0,0,0,0
NRS_NSI,NSI2016082213B,22/08/2016,Ethanol,12:30,-27.345,153.562,North Stradbroke,417.3222223,Scylla,13,Ring-500,60,,,,,,,,,,,,
NRS_NSI,NSF2016082212B,22/08/2016,Formalin,13:05,-27.3889,153.5802,North Stradbroke Ichthyo 30m,353.1539937,Scylla,12,Ring-500,30,0,0,0,0,0,0,0,0,0,0,0,0
NRS_NSI,NSI2016092012A,20/09/2016,Formalin,11:20,-27.345,153.562,North Stradbroke,383.5759557,Scylla,12,Ring-500,60,4,0,0,0,0,0,0,2,0,7,0,0
NRS_NSI,NSI2016092015B,20/09/2016,Ethanol,11:35,-27.345,153.562,North Stradbroke,308.0776431,Scylla,15,Ring-500,60,0,0,0,0,3,0,0,4,0,8,0,0
NRS_NSI,NSF2016092012B,20/09/2016,Formalin,12:05,-27.3889,153.5802,North Stradbroke Ichthyo 30m,353.5504704,Scylla,12,Ring-500,30,8,0,0,0,0,0,0,4,0,2,0,0
NRS_NSI,NSI2016101914A,20/10/2016,Formalin,11:00,-27.345,153.562,North Stradbroke,289.0925089,Scylla,14,Ring-500,60,0,0,2,0,0,0,0,0,0,1,0,0
NRS_NSI,NSI2016101922B,20/10/2016,Ethanol,10:45,-27.345,153.562,North Stradbroke,373.6792874,Scylla,22,Ring-500,60,0,0,1,0,0,0,0,0,0,2,0,0
NRS_NSI,NSF2016101910B,20/10/2016,Formalin,11:40,-27.3889,153.5802,North Stradbroke Ichthyo 30m,338.3623631,Scylla,10,Ring-500,30,9,0,2,0,0,0,0,0,0,0,0,0
NRS_NSI,NSI2016111614A,16/11/2016,Formalin,11:25,-27.345,153.562,North Stradbroke,351.430845,Scylla,14,Ring-500,60,0,0,1,0,0,0,0,0,0,4,0,0
NRS_NSI,NSI2016111613B,16/11/2016,Ethanol,11:42,-27.345,153.562,North Stradbroke,301.3527883,Scylla,13,Ring-500,60,0,0,0,0,0,0,0,0,0,5,0,0
NRS_NSI,NSF2016111612B,16/11/2016,Formalin,12:15,-27.3889,153.5802,North Stradbroke Ichthyo 30m,354.2976765,Scylla,12,Ring-500,30,14,0,0,0,0,0,0,0,0,0,0,0
NRS_NSI,NSI2016121516A,15/12/2016,Formalin,11:40,-27.345,153.562,North Stradbroke,293.4385035,Scylla,16,Ring-500,60,0,0,0,0,0,0,0,0,0,0,0,0
NRS_NSI,NSI2016121515B,15/12/2016,Ethanol,12:00,-27.345,153.562,North Stradbroke,303.0149406,Scylla,15,Ring-500,60,4,0,0,0,0,0,0,0,0,0,0,0
NRS_NSI,NSF2016121513B,15/12/2016,Formalin,12:30,-27.3889,153.5802,North Stradbroke Ichthyo 30m,218.0164363,Scylla,13,Ring-500,30,29,0,0,0,0,0,0,0,0,1,0,0
NRS_NSI,NSI2017011716A,17/01/2017,Formalin,11:47,-27.345,153.562,North Stradbroke,387.7237119,Scylla,16,Ring-500,60,12,0,0,0,2,0,0,1,0,0,0,0
NRS_NSI,NSI2017011715A,17/01/2017,Ethanol,12:05,-27.345,153.562,North Stradbroke,315.27522,Scylla,15,Ring-500,60,10,0,0,0,0,0,0,6,0,0,0,0
NRS_NSI,NSF2017011713B,17/01/2017,Formalin,12:45,-27.3889,153.5802,North Stradbroke Ichthyo 30m,309.0078384,Scylla,13,Ring-500,30,1,0,0,0,0,0,0,0,0,0,0,0
NRS_NSI,NSI2017021715A,17/02/2017,Formalin,11:40,-27.345,153.562,North Stradbroke,540.7637172,Scylla,15,Ring-500,60,0,0,0,0,0,0,0,0,0,0,0,0
NRS_NSI,NSI2017021713B,17/02/2017,Ethanol,11:58,-27.345,153.562,North Stradbroke,536.3414771,Scylla,13,Ring-500,60,,,,,,,,,,,,
NRS_NSI,NSF2017021714B,17/02/2017,Formalin,12:25,-27.3889,153.5802,North Stradbroke Ichthyo 30m,551.6515772,Scylla,14,Ring-500,30,33,0,0,0,1,0,0,0,0,0,0,0
NRS_NSI,NSI2017042418A,24/04/2017,Formalin,12:00,-27.345,153.562,North Stradbroke,303.9146377,Scylla,18,Ring-500,60,8,0,0,0,0,0,,0,0,0,0,0
NRS_NSI,NSI2017042420B,24/04/2017,Ethanol,12:17,-27.345,153.562,North Stradbroke,292.2185752,Scylla,20,Ring-500,60,2,0,3,0,1,0,0,0,0,1,0,0
NRS_NSI,NSF2017042419B,24/04/2017,Formalin,12:56,-27.3889,153.5802,North Stradbroke Ichthyo 30m,247.9961743,Scylla,19,Ring-500,30,6,0,0,0,0,0,0,3,0,0,0,0
NRS_NSI,NSI2017051620A,16/05/2017,Formalin,11:39,-27.345,153.562,North Stradbroke,335.3735388,Scylla,20,Ring-500,60,,,,,,,,,,,,
NRS_NSI,NSI2017051645B,16/05/2017,Ethanol,12:01,-27.345,153.562,North Stradbroke,157.7977256,Scylla,45,Ring-500,60,0,0,0,0,0,0,0,0,0,0,0,0
NRS_NSI,NSF2017051618B,16/05/2017,Formalin,12:36,-27.3889,153.5802,North Stradbroke Ichthyo 30m,236.8033321,Scylla,18,Ring-500,30,,,,,,,,,,,,
NRS_NSI,NSI2017062722A,27/06/2017,Formalin,11:23,-27.345,153.562,North Stradbroke,271.464545,Scylla,22,Ring-500,60,0,0,0,0,0,0,0,0,0,0,0,0
NRS_NSI,NSI2017062727B,27/06/2017,Ethanol,11:38,-27.345,153.562,North Stradbroke,247.8894306,Scylla,27,Ring-500,60,0,0,0,0,0,0,0,0,0,1,0,0
NRS_NSI,NSF2017062721B,27/06/2017,Formalin,12:08,-27.3889,153.5802,North Stradbroke Ichthyo 30m,211.5508163,Scylla,21,Ring-500,30,,,,,,,,,,,,
NRS_NSI,NSI20170717A,17/07/2017,Formalin,12:45,-27.345,153.562,North Stradbroke,263.4435164,Scylla,,Ring-500,60,0,0,0,0,0,0,0,0,0,0,0,0
NRS_NSI,NSI20170717B,17/07/2017,Ethanol,13:04,-27.345,153.562,North Stradbroke,287.4151075,Scylla,,Ring-500,60,0,0,0,0,0,0,0,0,0,0,0,0
NRS_NSI,NSF20170717B,17/07/2017,Formalin,13:35,-27.3889,153.5802,North Stradbroke Ichthyo 30m,228.8737982,Scylla,,Ring-500,30,,,,,,,,,,,,
NRS_NSI,NSI2017082925A,29/08/2017,Formalin,13:40,-27.345,153.562,North Stradbroke,232.5640813,Scylla,25,Ring-500,60,0,0,0,0,0,0,0,0,0,0,0,0
NRS_NSI,NSI2017082914B,29/08/2017,Ethanol,13:58,-27.345,153.562,North Stradbroke,254.1415631,Scylla,14,Ring-500,60,2,0,0,0,0,0,0,1,0,0,0,0
NRS_NSI,NSF2017082920B,29/08/2017,Formalin,14:30,-27.3889,153.5802,North Stradbroke Ichthyo 30m,224.4210599,Scylla,20,Ring-500,30,,,,,,,,,,,,
NRS_NSI,NSI2017092718A,27/09/2017,Formalin,12:00,-27.345,153.562,North Stradbroke,239.1974414,Scylla,18,Ring-500,60,,,,,,,,,,,,
NRS_NSI,NSI2017092719B,27/09/2017,Ethanol,12:30,-27.345,153.562,North Stradbroke,253.9433247,Scylla,19,Ring-500,60,1,0,0,0,0,0,0,2,0,0,0,0
NRS_NSI,NSF2017092720A,27/09/2017,Formalin,13:00,-27.3889,153.5802,North Stradbroke Ichthyo 30m,225.3055079,Scylla,20,Ring-500,30,,,,,,,,,,,,
NRS_NSI,NSI2017102318A,23/10/2017,Formalin,11:26,-27.345,153.562,North Stradbroke,228.7518053,Scylla,18,Ring-500,60,0,0,0,0,0,0,0,0,0,0,0,0
NRS_NSI,NSI2017102321B,23/10/2017,Ethanol,11:44,-27.345,153.562,North Stradbroke,220.9290151,Scylla,21,Ring-500,60,0,0,0,0,0,0,0,0,0,0,0,0
NRS_NSI,NSF2017102317A,23/10/2017,Formalin,12:15,-27.3889,153.5802,North Stradbroke Ichthyo 30m,176.9048526,Scylla,17,Ring-500,30,,,,,,,,,,,,
NRS_NSI,NSI2017111630A,16/11/2017,Formalin,11:50,-27.345,153.562,North Stradbroke,291.4713691,Scylla,30,Ring-500,60,,,,,,,,,,,,
NRS_NSI,NSI2017111634B,16/11/2017,Ethanol,12:10,-27.345,153.562,North Stradbroke,203.3772967,Scylla,34,Ring-500,60,,,,,,,,,,,,
NRS_NSI,NSF2017111630B,16/11/2017,Formalin,12:40,-27.3889,153.5802,North Stradbroke Ichthyo 30m,233.6315185,Scylla,30,Ring-500,30,,,,,,,,,,,,
NRS_NSI,NSI2017121922A,19/12/2017,Formalin,12:05,-27.345,153.562,North Stradbroke,241.3933124,Scylla,22,Ring-500,60,,,,,,,,,,,,
NRS_NSI,NSI2017121926B,19/12/2017,Ethanol,12:25,-27.345,153.562,North Stradbroke,199.9462484,Scylla,26,Ring-500,60,0,0,0,0,0,0,0,0,0,0,0,0
NRS_NSI,NSF2017121921B,19/12/2017,Formalin,12:56,-27.3889,153.5802,North Stradbroke Ichthyo 30m,273.5079249,Scylla,21,Ring-500,30,,,,,,,,,,,,
NRS_NSI,NSI2018012316A,23/01/2018,Formalin,11:20,-27.345,153.562,North Stradbroke,263.5960074,Scylla,16,Ring-500,60,,,,,,,,,,,,
NRS_NSI,NSI2018012318B,23/01/2018,Ethanol,11:34,-27.345,153.562,North Stradbroke,264.6481956,Scylla,18,Ring-500,60,0,0,0,0,0,0,0,0,0,0,0,0
NRS_NSI,NSF2018012317B,23/01/2018,Formalin,12:01,-27.3889,153.5802,North Stradbroke Ichthyo 30m,259.2347637,Scylla,17,Ring-500,30,,,,,,,,,,,,
NRS_NSI,NSI20180302A,2/03/2018,Formalin,11:32,-27.345,153.562,North Stradbroke,270.6563425,Scylla,,Ring-500,60,0,0,0,0,0,0,0,0,0,0,0,0
NRS_NSI,NSI20180302B,2/03/2018,Ethanol,11:50,-27.345,153.562,North Stradbroke,270.6105951,Scylla,,Ring-500,60,0,0,0,0,0,0,0,0,0,0,0,0
NRS_NSI,NSF20180302B,2/03/2018,Formalin,12:21,-27.3889,153.5802,North Stradbroke Ichthyo 30m,252.5556563,Scylla,,Ring-500,30,3,0,0,0,0,0,0,0,0,0,0,0
NRS_NSI,NSI2018032026,20/03/2018,Formalin,11:50,-27.345,153.562,North Stradbroke,363.630128,Scylla,26,Ring-500,60,0,0,0,0,0,0,0,0,0,0,0,0
NRS_NSI,NSF2018032019,20/03/2018,Formalin,12:30,-27.3889,153.5802,North Stradbroke Ichthyo 30m,187.2742431,Scylla,19,Ring-500,30,1,0,0,0,0,0,0,1,0,0,0,0
NRS_NSI,NSI2018041735,17/04/2018,Formalin,11:22,-27.345,153.562,North Stradbroke,340.6497287,Scylla,35,Ring-500,60,0,0,0,0,0,0,0,0,0,0,0,0
NRS_NSI,NSF2018041729,17/04/2018,Formalin,12:02,-27.3889,153.5802,North Stradbroke Ichthyo 30m,202.4166032,Scylla,29,Ring-500,30,15,0,0,0,0,0,0,0,0,0,0,0
NRS_NSI,NSI2018053042,30/05/2018,Formalin,11:26,-27.345,153.562,North Stradbroke,373.7860311,Scylla,42,Ring-500,60,0,0,0,0,0,0,0,0,0,0,0,0
NRS_NSI,NSF2018053031,30/05/2018,Formalin,12:14,-27.3889,153.5802,North Stradbroke Ichthyo 30m,154.6564102,Scylla,31,Ring-500,30,0,0,0,0,0,0,0,0,0,0,0,0
NRS_NSI,NSI2018071834,18/07/2018,Formalin,11:30,-27.345,153.562,North Stradbroke,334.5805854,Scylla,34,Ring-500,60,3,0,0,0,0,0,0,1,0,1,0,0
NRS_NSI,NSF2018071835,18/07/2018,Formalin,12:13,-27.3889,153.5802,North Stradbroke Ichthyo 30m,125.0883981,Scylla,35,Ring-500,30,1,0,0,0,0,0,0,0,0,0,0,0
NRS_NSI,NSI2018081727,17/08/2018,Formalin,11:17,-27.345,153.562,North Stradbroke,346.6273773,Scylla,27,Ring-500,60,0,0,0,0,0,0,0,0,0,6,0,0
NRS_NSI,NSF2018081728,17/08/2018,Formalin,11:53,-27.3889,153.5802,North Stradbroke Ichthyo 30m,165.9102488,Scylla,28,Ring-500,30,0,0,0,0,0,0,0,0,0,1,0,0
NRS_NSI,NSF2018091331,13/09/2018,Formalin,11:53,-27.3889,153.5802,North Stradbroke Ichthyo 30m,153.009507,Scylla,31,Ring-500,30,3,0,0,0,0,0,0,2,0,9,0,0
NRS_NSI,NSI2018091331,13/09/2018,Formalin,11:53,-27.345,153.562,North Stradbroke,332.1559779,Scylla,31,Ring-500,60,1,0,0,0,0,0,0,0,0,0,0,0
NRS_NSI,NSI2018102327,23/10/2018,Formalin,11:40,-27.345,153.562,North Stradbroke,428.5303136,Scylla,27,Ring-500,60,0,0,0,0,0,0,0,0,0,0,0,0
NRS_NSI,NSF2018102329,23/10/2018,Formalin,12:20,-27.3889,153.5802,North Stradbroke Ichthyo 30m,180.0766662,Scylla,29,Ring-500,30,0,0,0,0,0,0,0,0,0,0,0,0
NRS_NSI,NSI2018111529,15/11/2018,Formalin,12:06,-27.345,153.562,North Stradbroke,294.9786629,Scylla,29,Ring-500,60,2,0,0,0,0,0,0,2,0,0,0,0
NRS_NSI,NSF2018111530,15/11/2018,Formalin,12:43,-27.3889,153.5802,North Stradbroke Ichthyo 30m,149.8376934,Scylla,30,Ring-500,30,0,0,0,0,0,0,0,0,0,0,0,0
NRS_NSI,NSI20190118,18/01/2019,Formalin,12:10,-27.345,153.562,North Stradbroke,323.2809995,Scylla,,Ring-500,60,1,0,1,0,0,0,0,0,0,0,0,0
NRS_NSI,NSF20190118,18/01/2019,Formalin,12:50,-27.3889,153.5802,North Stradbroke Ichthyo 30m,173.8245336,Scylla,,Ring-500,30,1,0,0,0,0,0,0,0,0,0,0,0
NRS_NSI,NSI2019032231,22/03/2019,Formalin,12:05,-27.345,153.562,North Stradbroke,367.6406423,Scylla,31,Ring-500,60,54,0,0,0,0,0,0,12,0,0,0,0
NRS_NSI,NSF2019032231,22/03/2019,Formalin,12:49,-27.3889,153.5802,North Stradbroke Ichthyo 30m,168.7465821,Scylla,31,Ring-500,30,5,0,0,0,4,0,0,0,0,0,0,0
NRS_NSI,NSI2019041637,16/04/2019,Formalin,11:46,-27.345,153.562,North Stradbroke,263.3981384,Scylla,37,Bongo-500,60,1,0,0,0,0,0,0,0,0,0,0,0
NRS_NSI,NSI2019041637,16/04/2019,Ethanol,11:46,-27.345,153.562,North Stradbroke,263.3981384,Scylla,37,Bongo-500,60,0,0,0,0,0,0,0,0,0,0,0,0
NRS_NSI,NSF2019041634,16/04/2019,Formalin,12:25,-27.3889,153.5802,North Stradbroke Ichthyo 30m,236.591797,Scylla,34,Bongo-500,30,0,0,0,0,0,0,0,1,0,0,0,0
NRS_NSI,NSF2019041634,16/04/2019,Ethanol,12:25,-27.3889,153.5802,North Stradbroke Ichthyo 30m,236.591797,Scylla,34,Bongo-500,30,0,0,0,0,0,0,0,0,0,0,0,0
NRS_NSI,NSI2019052725,27/05/2019,Formalin,11:42,-27.345,153.562,North Stradbroke,347.281928,Scylla,25,Bongo-500,60,0,0,1,0,0,0,0,0,0,0,0,0
NRS_NSI,NSI2019052725,27/05/2019,Ethanol,11:42,-27.345,153.562,North Stradbroke,347.281928,Scylla,25,Bongo-500,60,1,0,1,0,0,0,0,0,0,0,0,0
NRS_NSI,NSF2019052728,27/05/2019,Formalin,12:17,-27.3889,153.5802,North Stradbroke Ichthyo 30m,368.146501,Scylla,28,Bongo-500,30,1,0,0,0,0,0,0,1,0,9,0,0
NRS_NSI,NSF2019052728,27/05/2019,Ethanol,12:17,-27.3889,153.5802,North Stradbroke Ichthyo 30m,368.146501,Scylla,28,Bongo-500,30,0,1,0,0,0,0,0,0,0,2,0,0
NRS_NSI,NSI2019061844,18/06/2019,Formalin,11:17,-27.345,153.562,North Stradbroke,226.5622135,Scylla,44,Bongo-500,60,0,0,0,0,0,0,0,0,0,0,0,0
NRS_NSI,NSI2019061844,18/06/2019,Ethanol,11:17,-27.345,153.562,North Stradbroke,226.5622135,Scylla,44,Bongo-500,60,0,0,0,0,0,0,0,0,0,0,0,0
NRS_NSI,NSF2019061833,18/06/2019,Formalin,12:00,-27.3889,153.5802,North Stradbroke Ichthyo 30m,206.1535306,Scylla,33,Bongo-500,30,0,0,0,0,0,0,0,0,0,0,0,0
NRS_NSI,NSF2019061833,18/06/2019,Ethanol,12:00,-27.3889,153.5802,North Stradbroke Ichthyo 30m,206.1535306,Scylla,33,Bongo-500,30,0,0,0,0,0,0,0,0,0,0,0,0
NRS_NSI,NSI2019072324,23/07/2019,Formalin,11:44,-27.345,153.562,North Stradbroke,359.5149806,Scylla,24,Bongo-500,60,1,0,0,0,0,0,0,11,0,3,0,0
NRS_NSI,NSI2019072324,23/07/2019,Ethanol,11:44,-27.345,153.562,North Stradbroke,359.5149806,Scylla,24,Bongo-500,60,3,0,0,0,0,0,0,12,0,5,0,0
NRS_NSI,NSF2019072330,23/07/2019,Formalin,12:30,-27.3889,153.5802,North Stradbroke Ichthyo 30m,379.8020927,Scylla,30,Bongo-500,30,1,0,0,0,0,0,0,8,0,2,0,0
NRS_NSI,NSF2019072330,23/07/2019,Ethanol,12:30,-27.3889,153.5802,North Stradbroke Ichthyo 30m,379.8020927,Scylla,30,Bongo-500,30,5,0,0,0,0,0,0,6,0,6,0,0
NRS_NSI,NSI2019082130,21/08/2019,Formalin,12:00,-27.345,153.562,North Stradbroke,325.6271453,Scylla,30,Bongo-500,60,0,0,0,0,0,0,0,1,0,0,0,0
NRS_NSI,NSI2019082130,21/08/2019,Ethanol,12:00,-27.345,153.562,North Stradbroke,325.6271453,Scylla,30,Bongo-500,60,0,0,0,0,0,0,0,0,0,0,0,0
NRS_NSI,NSF2019082132,21/08/2019,Formalin,12:45,-27.3889,153.5802,North Stradbroke Ichthyo 30m,311.3273906,Scylla,32,Bongo-500,30,3,0,0,0,0,0,0,3,0,2,0,0
NRS_NSI,NSF2019082132,21/08/2019,Ethanol,12:45,-27.3889,153.5802,North Stradbroke Ichthyo 30m,311.3273906,Scylla,32,Bongo-500,30,3,0,0,0,0,0,0,6,0,0,0,0
NRS_NSI,NSI2019091633,16/09/2019,Formalin,11:47,-27.345,153.562,North Stradbroke,289.7941787,Scylla,33,Bongo-500,60,0,0,0,0,0,0,0,2,0,0,0,0
NRS_NSI,NSI2019091633,16/09/2019,Ethanol,11:47,-27.345,153.562,North Stradbroke,289.7941787,Scylla,33,Bongo-500,60,0,0,0,0,0,0,0,0,0,1,0,0
NRS_NSI,NSF2019091632,16/09/2019,Formalin,12:24,-27.3889,153.5802,North Stradbroke Ichthyo 30m,314.0323389,Scylla,32,Bongo-500,30,0,0,0,0,0,0,0,0,0,1,0,0
NRS_NSI,NSF2019091632,16/09/2019,Ethanol,12:24,-27.3889,153.5802,North Stradbroke Ichthyo 30m,314.0323389,Scylla,32,Bongo-500,30,1,0,0,0,0,0,0,0,0,2,0,0
NRS_NSI,NSI2019102425,24/10/2019,Formalin,11:34,-27.345,153.562,North Stradbroke,348.6192058,Scylla,25,Bongo-500,60,0,0,0,0,0,0,0,0,0,1,0,0
NRS_NSI,NSI2019102425,24/10/2019,Ethanol,11:34,-27.345,153.562,North Stradbroke,348.6192058,Scylla,25,Bongo-500,60,0,0,0,0,0,0,0,0,0,0,0,0
NRS_NSI,NSF2019102431,24/10/2019,Formalin,12:10,-27.3889,153.5802,North Stradbroke Ichthyo 30m,301.966446,Scylla,31,Bongo-500,30,0,0,0,0,0,0,0,0,0,0,0,0
NRS_NSI,NSF2019102431,24/10/2019,Ethanol,12:10,-27.3889,153.5802,North Stradbroke Ichthyo 30m,301.966446,Scylla,31,Bongo-500,30,0,0,0,0,0,0,0,0,0,0,0,0
NRS_NSI,NSI2019122017,20/12/2019,Formalin,11:32,-27.345,153.562,North Stradbroke,305.2488552,Scylla,17,Bongo-500,60,,,,,,,,,,,,
NRS_NSI,NSI2019122017,20/12/2019,Ethanol,11:32,-27.345,153.562,North Stradbroke,305.2488552,Scylla,17,Bongo-500,60,0,0,0,0,0,0,0,0,0,0,0,0
NRS_NSI,NSF2019122027,20/12/2019,Formalin,12:13,-27.3889,153.5802,North Stradbroke Ichthyo 30m,257.4867627,Scylla,27,Bongo-500,30,,,,,,,,,,,,
NRS_NSI,NSF2019122027,20/12/2019,Ethanol,12:13,-27.3889,153.5802,North Stradbroke Ichthyo 30m,257.4867627,Scylla,27,Bongo-500,30,0,0,0,0,0,0,0,0,0,0,0,0
NRS_NSI,NSI2020012225,22/01/2020,Formalin,12:05,-27.345,153.562,North Stradbroke,259.2039489,Scylla,25,Bongo-500,60,,,,,,,,,,,,
NRS_NSI,NSI2020012225,22/01/2020,Ethanol,12:05,-27.345,153.562,North Stradbroke,259.2039489,Scylla,25,Bongo-500,60,0,0,0,1,1,0,0,2,0,0,0,1
NRS_NSI,NSF2020012221,22/01/2020,Formalin,12:40,-27.3889,153.5802,North Stradbroke Ichthyo 30m,283.6548579,Scylla,21,Bongo-500,30,,,,,,,,,,,,
NRS_NSI,NSF2020012221,22/01/2020,Ethanol,12:40,-27.3889,153.5802,North Stradbroke Ichthyo 30m,283.6548579,Scylla,21,Bongo-500,30,0,0,0,0,0,0,0,0,0,0,0,0
NRS_NSI,NSI2020022826,28/02/2020,Formalin,12:05,-27.345,153.562,North Stradbroke,210.4692908,Scylla,26,Bongo-500,60,0,0,0,0,0,0,0,0,0,0,0,0
NRS_NSI,NSI2020022826,28/02/2020,Ethanol,12:05,-27.345,153.562,North Stradbroke,210.4692908,Scylla,26,Bongo-500,60,0,0,2,0,0,0,0,0,0,0,0,0
NRS_NSI,NSF2020022830,28/02/2020,Formalin,12:40,-27.3889,153.5802,North Stradbroke Ichthyo 30m,220.9699608,Scylla,30,Bongo-500,30,,,,,,,,,,,,
NRS_NSI,NSF2020022830,28/02/2020,Ethanol,12:40,-27.3889,153.5802,North Stradbroke Ichthyo 30m,220.9699608,Scylla,30,Bongo-500,30,1,0,0,0,1,0,0,0,0,0,0,0
NRS_NSI,NSI2020052819,28/05/2020,Formalin,12:12,-27.345,153.562,North Stradbroke,299.9757256,Scylla,19,Bongo-500,60,0,0,0,0,0,0,0,0,0,0,0,0
NRS_NSI,NSI2020052819,28/05/2020,Ethanol,12:12,-27.345,153.562,North Stradbroke,299.9757256,Scylla,19,Bongo-500,60,0,0,0,0,0,0,0,0,0,0,0,0
NRS_NSI,NSF2020052817,28/05/2020,Formalin,12:48,-27.3889,153.5802,North Stradbroke Ichthyo 30m,262.8358739,Scylla,17,Bongo-500,30,0,0,0,0,0,0,0,0,0,0,0,0
NRS_NSI,NSF2020052817,28/05/2020,Ethanol,12:48,-27.3889,153.5802,North Stradbroke Ichthyo 30m,262.8358739,Scylla,17,Bongo-500,30,0,0,0,0,0,0,0,0,0,0,0,0
NRS_NSI,NSI2020062521,25/06/2020,Formalin,11:53,-27.345,153.562,North Stradbroke Ichthyo 60m,288.1141672,Scylla,21,Bongo-500,60,,,,,,,,,,,,
NRS_NSI,NSI2020062521,25/06/2020,Ethanol,11:53,-27.345,153.562,North Stradbroke Ichthyo 60m,288.1141672,Scylla,21,Bongo-500,60,1,0,0,0,0,0,0,0,0,1,0,0
NRS_NSI,NSI2020062521,25/06/2020,Formalin,12:40,-27.3889,153.5802,North Stradbroke Ichthyo 30m,313.3417936,Scylla,21,Bongo-500,30,0,0,0,0,0,0,0,0,0,0,0,0
NRS_NSI,NSI2020062521,25/06/2020,Ethanol,12:40,-27.3889,153.5802,North Stradbroke Ichthyo 30m,313.3417936,Scylla,21,Bongo-500,30,0,0,0,0,0,0,0,0,0,0,0,0
NRS_NSI,NSI2020072021,20/07/2020,Formalin,11:53,-27.345,153.562,North Stradbroke Ichthyo 60m,282.0753394,Scylla,21,Bongo-500,60,,,,,,,,,,,,
NRS_NSI,NSI2020072021,20/07/2020,Ethanol,11:53,-27.345,153.562,North Stradbroke Ichthyo 60m,282.0753394,Scylla,21,Bongo-500,60,1,0,0,0,0,0,0,1,0,5,0,0
NRS_NSI,NSI2020072020,20/07/2020,Formalin,12:40,-27.3889,153.5802,North Stradbroke Ichthyo 30m,273.2710671,Scylla,20,Bongo-500,30,9,0,0,0,0,0,0,1,0,3,0,0
NRS_NSI,NSI2020072020,20/07/2020,Ethanol,12:40,-27.3889,153.5802,North Stradbroke Ichthyo 30m,273.2710671,Scylla,20,Bongo-500,30,0,0,0,0,0,0,0,0,0,0,0,0
NRS_NSI,NSI20200818B,18/08/2020,Formalin,11:08,-27.345,153.562,North Stradbroke Ichthyo 60m,263.7172615,Scylla,B,Bongo-500,60,,,,,,,,,,,,
NRS_NSI,NSI20200818B,18/08/2020,Ethanol,11:08,-27.345,153.562,North Stradbroke Ichthyo 60m,263.7172615,Scylla,B,Bongo-500,60,1,0,0,0,0,0,0,0,0,0,0,0
NRS_NSI,NSI20200818A,18/08/2020,Formalin,12:14,-27.3889,153.5802,North Stradbroke Ichthyo 30m,291.9824515,Scylla,A,Bongo-500,30,,,,,,,,,,,,
NRS_NSI,NSI20200818A,18/08/2020,Ethanol,12:14,-27.3889,153.5802,North Stradbroke Ichthyo 30m,291.9824515,Scylla,A,Bongo-500,30,0,0,0,0,0,0,0,1,0,0,0,0
NRS_NSI,NSI2020091725,17/09/2020,Formalin,11:45,-27.345,153.562,North Stradbroke Ichthyo 60m,209,Scylla,25,Bongo-500,60,0,0,0,0,0,0,0,0,0,0,0,0
NRS_NSI,NSI2020091725,17/09/2020,Ethanol,11:45,-27.345,153.562,North Stradbroke Ichthyo 60m,209,Scylla,25,Bongo-500,60,0,0,0,0,0,0,0,0,0,0,0,0
NRS_NSI,NSI2020091721,17/09/2020,Formalin,12:18,-27.3889,153.5802,North Stradbroke Ichthyo 30m,243,Scylla,21,Bongo-500,30,0,0,0,0,0,0,0,0,0,0,0,0
NRS_NSI,NSI2020091721,17/09/2020,Ethanol,12:18,-27.3889,153.5802,North Stradbroke Ichthyo 30m,243,Scylla,21,Bongo-500,30,0,0,0,0,0,0,0,0,0,0,0,0
NRS_NSI,NSI2020102217,22/10/2020,Formalin,11:25,-27.345,153.562,North Stradbroke Ichthyo 60m,306.3999635,Scylla,17,Bongo-500,60,,,,,,,,,,,,
NRS_NSI,NSI2020102217,22/10/2020,Ethanol,11:25,-27.345,153.562,North Stradbroke Ichthyo 60m,306.3999635,Scylla,17,Bongo-500,60,0,0,0,0,0,0,0,0,0,0,0,0
NRS_NSI,NSI2020102222,22/10/2020,Formalin,12:03,-27.3889,153.5802,North Stradbroke Ichthyo 30m,337.779293,Scylla,22,Bongo-500,30,,,,,,,,,,,,
NRS_NSI,NSI2020102222,22/10/2020,Ethanol,12:03,-27.3889,153.5802,North Stradbroke Ichthyo 30m,337.779293,Scylla,22,Bongo-500,30,1,0,0,0,0,0,0,1,0,1,0,0
NRS_NSI,NSI20201116B,16/11/2020,Formalin,11:30,-27.345,153.562,North Stradbroke Ichthyo 60m,179.5845798,Scylla,B,Bongo-500,60,1,0,0,0,0,0,0,1,0,0,0,0
NRS_NSI,NSI20201116B,16/11/2020,Ethanol,11:30,-27.345,153.562,North Stradbroke Ichthyo 60m,179.5845798,Scylla,B,Bongo-500,60,0,0,0,0,0,0,0,0,0,0,0,0
NRS_NSI,NSI20201116A,16/11/2020,Formalin,12:05,-27.3889,153.5802,North Stradbroke Ichthyo 30m,313.116043,Scylla,A,Bongo-500,30,4,0,0,0,0,0,0,1,0,0,0,0
NRS_NSI,NSI20201116A,16/11/2020,Ethanol,12:05,-27.3889,153.5802,North Stradbroke Ichthyo 30m,313.116043,Scylla,A,Bongo-500,30,2,0,0,0,0,0,0,1,0,0,0,0
NRS_NSI,NSI2020122125,21/12/2020,Formalin,11:46,-27.345,153.562,North Stradbroke Ichthyo 60m,254.493084,Scylla,25,Bongo-500,60,3,0,0,0,0,0,0,0,0,0,0,0
NRS_NSI,NSI2020122125,21/12/2020,Ethanol,11:46,-27.345,153.562,North Stradbroke Ichthyo 60m,254.493084,Scylla,25,Bongo-500,60,2,1,0,0,0,0,0,0,0,0,0,0
NRS_NSI,NSI2020122121,21/12/2020,Formalin,12:24,-27.3889,153.5802,North Stradbroke Ichthyo 30m,270.2212945,Scylla,21,Bongo-500,30,0,0,3,0,0,0,0,0,0,0,0,0
NRS_NSI,NSI2020122121,21/12/2020,Ethanol,12:24,-27.3889,153.5802,North Stradbroke Ichthyo 30m,270.2212945,Scylla,21,Bongo-500,30,1,0,0,0,0,0,0,0,0,0,0,0
NRS_NSI,NSI2021011931,19/01/2021,Formalin,12:14,-27.345,153.562,North Stradbroke Ichthyo 60m,116.2615445,Scylla,31,Bongo-500,60,0,0,0,0,0,0,0,0,0,0,0,0
NRS_NSI,NSI2021011931,19/01/2021,Ethanol,12:14,-27.345,153.562,North Stradbroke Ichthyo 60m,116.2615445,Scylla,31,Bongo-500,60,1,0,0,0,0,0,0,0,0,0,0,0
NRS_NSI,NSI2021011928,19/01/2021,Formalin,12:55,-27.3889,153.5802,North Stradbroke Ichthyo 30m,229.983395,Scylla,28,Bongo-500,30,7,0,0,0,0,0,0,1,0,0,0,0
NRS_NSI,NSI2021011928,19/01/2021,Ethanol,12:55,-27.3889,153.5802,North Stradbroke Ichthyo 30m,229.983395,Scylla,28,Bongo-500,30,4,0,0,0,0,0,0,0,0,0,0,0
NRS_NSI,NSI2021022631,26/02/2021,Formalin,12:14,-27.345,153.562,North Stradbroke Ichthyo 60m,196.746997,Scylla,31,Bongo-500,60,0,0,1,0,0,0,0,1,0,0,0,0
NRS_NSI,NSI2021022631,26/02/2021,Ethanol,12:14,-27.345,153.562,North Stradbroke Ichthyo 60m,196.746997,Scylla,31,Bongo-500,60,0,0,0,0,0,0,0,0,0,0,0,0
NRS_NSI,NSI2021022626,26/02/2021,Formalin,12:55,-27.3889,153.5802,North Stradbroke Ichthyo 30m,202.5064093,Scylla,26,Bongo-500,30,0,0,0,0,0,0,0,0,0,0,0,0
NRS_NSI,NSI2021022626,26/02/2021,Ethanol,12:55,-27.3889,153.5802,North Stradbroke Ichthyo 30m,202.5064093,Scylla,26,Bongo-500,30,2,0,0,0,0,0,0,1,0,0,0,0
NRS_NSI,NSI2021032932,29/03/2021,Formalin,10:30,-27.345,153.562,North Stradbroke Ichthyo 60m,193.4493915,CSIRO 1,32,Bongo-500,60,0,0,0,0,0,0,0,0,0,0,0,0
NRS_NSI,NSI2021032932,29/03/2021,Ethanol,10:30,-27.345,153.562,North Stradbroke Ichthyo 60m,193.4493915,CSIRO 1,32,Bongo-500,60,0,0,1,0,0,0,0,0,0,0,0,0
NRS_NSI,NSI2021032930,29/03/2021,Formalin,11:11,-27.3889,153.5802,North Stradbroke Ichthyo 30m,158.7561502,CSIRO 1,30,Bongo-500,30,5,0,0,0,4,0,0,2,0,0,0,0
NRS_NSI,NSI2021032930,29/03/2021,Ethanol,11:11,-27.3889,153.5802,North Stradbroke Ichthyo 30m,158.7561502,CSIRO 1,30,Bongo-500,30,2,0,0,0,1,0,0,1,0,0,0,0
NRS_NSI,NSI20210416B,16/04/2021,Formalin,12:00,-27.345,153.562,North Stradbroke Ichthyo 60m,217.5355883,CSIRO 1,,Bongo-500,60,0,0,0,0,0,0,0,0,0,0,0,0
NRS_NSI,NSI20210416B,16/04/2021,Ethanol,12:00,-27.345,153.562,North Stradbroke Ichthyo 60m,217.5355883,CSIRO 1,,Bongo-500,60,0,0,0,0,0,0,0,0,0,0,0,0
NRS_NSI,NSI2021041629,16/04/2021,Formalin,12:40,-27.3889,153.5802,North Stradbroke Ichthyo 30m,234.1147938,CSIRO 1,29,Bongo-500,30,0,0,0,0,0,0,0,0,0,0,0,0
NRS_NSI,NSI2021041629,16/04/2021,Ethanol,12:40,-27.3889,153.5802,North Stradbroke Ichthyo 30m,234.1147938,CSIRO 1,29,Bongo-500,30,0,0,0,0,0,0,0,0,0,0,0,0
NRS_NSI,NSI2021061524,15/06/2021,Formalin,12:45,-27.345,153.562,North Stradbroke Ichthyo 60m,260.6290351,CSIRO 1,24,Bongo-500,60,0,0,0,0,0,0,0,0,0,0,0,0
NRS_NSI,NSI2021061524,15/06/2021,Ethanol,12:45,-27.345,153.562,North Stradbroke Ichthyo 60m,260.6290351,CSIRO 1,24,Bongo-500,60,0,0,0,0,0,0,0,0,0,0,0,0
NRS_NSI,NSI2021061522,15/06/2021,Formalin,13:30,-27.3889,153.5802,North Stradbroke Ichthyo 30m,326.3788891,CSIRO 1,22,Bongo-500,30,0,0,0,0,0,0,0,1,0,0,0,0
NRS_NSI,NSI2021061522,15/06/2021,Ethanol,13:30,-27.3889,153.5802,North Stradbroke Ichthyo 30m,326.3788891,CSIRO 1,22,Bongo-500,30,,,,,,,,,,,,
NRS_NSI,NSI2021072728,27/07/2021,Formalin,12:08,-27.345,153.562,North Stradbroke Ichthyo 60m,388.1781081,CSIRO 1,28,Bongo-500,60,0,0,1,0,0,0,0,1,0,2,0,0
NRS_NSI,NSI2021072728,27/07/2021,Ethanol,12:08,-27.345,153.562,North Stradbroke Ichthyo 60m,388.1781081,CSIRO 1,28,Bongo-500,60,1,0,0,0,0,0,0,3,0,2,0,0
NRS_NSI,NSI2021072725,27/07/2021,Formalin,12:45,-27.3889,153.5802,North Stradbroke Ichthyo 30m,348.8975086,CSIRO 1,25,Bongo-500,30,1,0,0,0,0,0,0,1,0,0,0,0
NRS_NSI,NSI2021072725,27/07/2021,Ethanol,12:45,-27.3889,153.5802,North Stradbroke Ichthyo 30m,348.8975086,CSIRO 1,25,Bongo-500,30,0,0,1,0,0,0,0,0,0,1,0,0
NRS_NSI,NSI2021082030,20/08/2021,Formalin,12:35,-27.345,153.562,North Stradbroke Ichthyo 60m,343.0844314,CSIRO 1,30,Bongo-500,60,1,0,0,0,0,0,0,0,0,5,0,1
NRS_NSI,NSI2021082030,20/08/2021,Ethanol,12:35,-27.345,153.562,North Stradbroke Ichthyo 60m,343.0844314,CSIRO 1,30,Bongo-500,60,0,0,0,0,0,0,0,0,0,7,0,0
NRS_NSI,NSI2021082031,20/08/2021,Formalin,13:08,-27.3889,153.5802,North Stradbroke Ichthyo 30m,351.8887037,CSIRO 1,31,Bongo-500,30,1,0,0,0,0,0,0,0,0,0,0,0
NRS_NSI,NSI2021082031,20/08/2021,Ethanol,13:08,-27.3889,153.5802,North Stradbroke Ichthyo 30m,351.8887037,CSIRO 1,31,Bongo-500,30,1,0,0,0,0,0,0,0,0,0,0,0
NRS_NSI,NSI2021100527,5/10/2021,Formalin,12:23,-27.345,153.562,North Stradbroke Ichthyo 60m,326.7739526,CSIRO 1,27,Bongo-500,60,1,0,0,0,0,0,0,0,0,1,0,0
NRS_NSI,NSI2021100527,5/10/2021,Ethanol,12:23,-27.345,153.562,North Stradbroke Ichthyo 60m,326.7739526,CSIRO 1,27,Bongo-500,60,2,0,0,0,0,0,0,0,0,1,0,0
NRS_NSI,NSI2021100522,5/10/2021,Formalin,12:57,-27.3889,153.5802,North Stradbroke Ichthyo 30m,369.6101236,CSIRO 1,22,Bongo-500,30,0,0,0,0,0,0,0,1,0,0,0,0
NRS_NSI,NSI2021100522,5/10/2021,Ethanol,12:57,-27.3889,153.5802,North Stradbroke Ichthyo 30m,369.6101236,CSIRO 1,22,Bongo-500,30,0,0,0,0,0,0,0,0,0,0,0,0
NRS_NSI,NSI20211021B,21/10/2021,Formalin,11:10,-27.345,153.562,North Stradbroke Ichthyo 60m,232.4102136,CSIRO 1,,Bongo-500,60,7,0,0,0,0,0,0,0,0,0,0,0
NRS_NSI,NSI20211021B,21/10/2021,Ethanol,11:10,-27.345,153.562,North Stradbroke Ichthyo 60m,232.4102136,CSIRO 1,,Bongo-500,60,4,0,0,0,0,0,0,0,0,0,0,0
NRS_NSI,NSI20211021A,21/10/2021,Formalin,11:44,-27.3889,153.5802,North Stradbroke Ichthyo 30m,220.7840592,CSIRO 1,,Bongo-500,30,7,0,0,0,0,0,0,0,0,4,0,0
NRS_NSI,NSI20211021A,21/10/2021,Ethanol,11:44,-27.3889,153.5802,North Stradbroke Ichthyo 30m,220.7840592,CSIRO 1,,Bongo-500,30,12,0,0,0,0,0,0,1,0,0,0,0
NRS_NSI,NSI2021110925,9/11/2021,Formalin,11:59,-27.3889,153.5802,North Stradbroke Ichthyo 60m,284.6882089,CSIRO 1,25,Bongo-500,60,0,0,0,0,0,0,0,0,0,1,0,0
NRS_NSI,NSI2021110925,9/11/2021,Ethanol,11:59,-27.3889,153.5802,North Stradbroke Ichthyo 60m,284.6882089,CSIRO 1,25,Bongo-500,60,1,0,0,0,0,0,0,1,0,1,0,0
NRS_NSI,NSI2021110920,9/11/2021,Formalin,12:35,-27.345,153.562,North Stradbroke Ichthyo 30m,286.2534318,CSIRO 1,20,Bongo-500,30,1,0,0,0,0,0,0,0,0,2,0,0
NRS_NSI,NSI2021110920,9/11/2021,Ethanol,12:35,-27.345,153.562,North Stradbroke Ichthyo 30m,286.2534318,CSIRO 1,20,Bongo-500,30,0,0,0,0,0,0,0,0,0,0,0,0
NRS_NSI,NSI2021122231,22/12/2021,Formalin,11:59,-27.3889,153.5802,North Stradbroke Ichthyo 60m,180.1489563,CSIRO 1,31,Bongo-500,60,1,0,0,0,0,0,0,0,0,0,0,0
NRS_NSI,NSI2021122231,22/12/2021,Ethanol,11:59,-27.3889,153.5802,North Stradbroke Ichthyo 60m,180.1489563,CSIRO 1,31,Bongo-500,60,6,1,0,0,1,0,0,0,0,0,0,0
NRS_NSI,NSI2021122233,22/12/2021,Formalin,12:35,-27.345,153.562,North Stradbroke Ichthyo 30m,226.822887,CSIRO 1,33,Bongo-500,30,3,0,0,0,0,0,0,0,0,1,0,0
NRS_NSI,NSI2021122233,22/12/2021,Ethanol,12:35,-27.345,153.562,North Stradbroke Ichthyo 30m,226.822887,CSIRO 1,33,Bongo-500,30,5,0,0,0,4,0,0,0,0,0,0,0
NRS_PH,PHA20140911A,11/09/2014,Formalin,13:40,-34.08333,151.21667,Port Hacking A,153.9,Zelda Faith,,Square-500,50,0,0,0,0,0,0,0,0,0,0,0,0
NRS_PH,PHA20140911B,11/09/2014,Formalin,14:15,-34.08333,151.21667,Port Hacking A,177.96,Zelda Faith,,Square-500,50,0,0,0,0,0,0,0,0,0,0,0,0
NRS_PH,PHB20140911A,11/09/2014,Formalin,9:51,-34.11923,151.22667,Port Hacking,166.9,Zelda Faith,,Square-500,100,0,0,0,0,0,0,1,0,0,2,0,0
NRS_PH,PHB20140911B,11/09/2014,Formalin,12:56,-34.11923,151.22667,Port Hacking,180.17,Zelda Faith,,Square-500,100,0,0,0,0,0,0,2,0,0,0,0,0
NRS_PH,PHA20141021A,22/10/2014,Formalin,13:21,-34.08333,151.21667,Port Hacking A,385.97,Zelda Faith,,Square-500,50,0,0,0,0,0,0,0,0,0,4,0,0
NRS_PH,PHB20141021A,22/10/2014,Formalin,10:00,-34.11923,151.22667,Port Hacking,433.12,Zelda Faith,,Square-500,100,0,0,0,0,0,0,0,0,0,0,0,0
NRS_PH,PHB20141021B,22/10/2014,Formalin,12:40,-34.11923,151.22667,Port Hacking,183.03,Zelda Faith,,Square-500,100,0,0,0,0,0,0,1,0,0,5,0,0
NRS_PH,PHA20150630A,30/06/2015,Formalin,13:43,-34.08333,151.21667,Port Hacking A,177.7,Bombora,,Ring-500,50,0,0,0,0,0,0,0,0,0,0,0,0
NRS_PH,PHA20150630B,30/06/2015,Formalin,13:55,-34.08333,151.21667,Port Hacking A,188.5,Bombora,,Ring-500,50,0,0,0,0,0,0,0,0,0,0,0,0
NRS_PH,PHB20150630A,30/06/2015,Formalin,10:56,-34.11923,151.22667,Port Hacking,286.7,Bombora,,Ring-500,100,0,0,0,0,0,0,0,0,0,1,0,0
NRS_PH,PHB20150630B,30/06/2015,Formalin,13:09,-34.11923,151.22667,Port Hacking,165.6,Bombora,,Ring-500,100,0,0,0,0,0,0,0,0,0,2,0,0
NRS_PH,PHA20150723A,23/07/2015,Formalin,13:00,-34.08333,151.21667,Port Hacking A,204.3,Bombora,,Ring-500,50,,,,,,,,,,,,
NRS_PH,PHA20150723B,23/07/2015,Formalin,13:10,-34.08333,151.21667,Port Hacking A,243.6,Bombora,,Ring-500,50,0,0,0,0,0,0,0,0,0,0,0,0
NRS_PH,PHB20150723A,23/07/2015,Formalin,9:43,-34.11923,151.22667,Port Hacking,145.6,Bombora,,Ring-500,100,0,0,0,0,0,0,0,0,0,0,0,0
NRS_PH,PHB20150723B,23/07/2015,Formalin,9:53,-34.11923,151.22667,Port Hacking,183.2,Bombora,,Ring-500,100,0,0,0,0,0,0,1,0,0,0,0,0
NRS_PH,PHB20150819A,19/08/2015,Formalin,7:51,-34.11923,151.22667,Port Hacking,240.7,Bombora,,Ring-500,100,0,0,0,0,0,0,1,0,0,1,0,0
NRS_PH,PHB20150819B,19/08/2015,Formalin,8:30,-34.11923,151.22667,Port Hacking,332.3,Bombora,,Ring-500,100,0,0,0,0,0,0,0,0,0,2,0,0
NRS_PH,PHA20151013A,14/10/2015,Formalin,12:25,-34.08333,151.21667,Port Hacking A,280.1,Bombora,,Ring-500,50,0,0,0,0,0,0,0,0,0,3,0,0
NRS_PH,PHA20151013B,14/10/2015,Formalin,12:39,-34.08333,151.21667,Port Hacking A,253.1,Bombora,,Ring-500,50,0,0,0,0,0,0,0,0,0,1,0,0
NRS_PH,PHB20151013A,14/10/2015,Formalin,9:06,-34.11923,151.22667,Port Hacking,233.2,Bombora,,Ring-500,100,0,0,0,0,0,0,0,0,0,0,0,0
NRS_PH,PHB20151013B,14/10/2015,Formalin,9:18,-34.11923,151.22667,Port Hacking,336.9,Bombora,,Ring-500,100,0,0,0,0,0,0,0,0,0,0,0,0
NRS_PH,PHA20151115A,16/11/2015,Formalin,12:45,-34.08333,151.21667,Port Hacking A,268,Bombora,,Ring-500,50,0,0,0,0,0,0,0,0,0,1,0,0
NRS_PH,PHA20151115B,16/11/2015,Formalin,12:54,-34.08333,151.21667,Port Hacking A,257,Bombora,,Ring-500,50,0,0,0,0,0,0,0,0,0,0,0,0
NRS_PH,PHB20151115A,16/11/2015,Formalin,9:06,-34.11923,151.22667,Port Hacking,247,Bombora,,Ring-500,100,0,0,0,0,0,0,0,0,0,2,0,0
NRS_PH,PHB20151115B,16/11/2015,Formalin,9:18,-34.11923,151.22667,Port Hacking,179,Bombora,,Ring-500,100,0,0,0,0,0,0,0,0,0,3,0,0
NRS_PH,PHA20160201A,2/02/2016,Formalin,13:47,-34.08333,151.21667,Port Hacking A,347,Bombora,,Ring-500,50,0,0,4,0,0,0,18,0,0,126,0,0
NRS_PH,PHB20160201A,2/02/2016,Formalin,10:14,-34.11923,151.22667,Port Hacking,357,Bombora,,Ring-500,100,0,0,0,0,0,0,0,0,0,0,0,0
NRS_PH,PHB20160201B,2/02/2016,Formalin,10:30,-34.11923,151.22667,Port Hacking,293,Bombora,,Ring-500,100,0,0,0,0,0,0,0,0,0,0,0,0
NRS_PH,PHA20160229A,1/03/2016,Formalin,12:15,-34.08333,151.21667,Port Hacking A,365,Bombora,,Ring-500,50,0,0,0,0,0,0,11,0,3,0,0,0
NRS_PH,PHB20160229A,1/03/2016,Formalin,8:56,-34.11923,151.22667,Port Hacking,379,Bombora,,Ring-500,100,0,0,2,0,0,0,2,0,0,78,0,0
NRS_PH,PHB20160229B,1/03/2016,Ethanol,9:09,-34.11923,151.22667,Port Hacking,368.0218699,Bombora,,Ring-500,100,0,0,0,0,0,0,0,0,0,0,0,0
NRS_PH,PHA20160407A,8/04/2016,Formalin,12:01,-34.08333,151.21667,Port Hacking A,339,Bombora,,Ring-500,50,0,0,1,0,0,0,0,0,0,0,0,0
NRS_PH,PHB20160407A,8/04/2016,Formalin,8:41,-34.11923,151.22667,Port Hacking,345,Bombora,,Ring-500,100,0,0,0,0,0,0,0,0,0,0,0,0
NRS_PH,PHB20160407B,8/04/2016,Ethanol,8:55,-34.11923,151.22667,Port Hacking,321.3138651,Bombora,,Ring-500,100,0,0,0,0,0,0,0,0,0,0,0,0
NRS_PH,PHA20160502A,3/05/2016,Formalin,11:43,-34.08333,151.21667,Port Hacking A,407,Bombora,,Ring-500,50,0,0,0,0,0,0,0,0,0,2,0,0
NRS_PH,PHB20160502A,3/05/2016,Formalin,11:02,-34.11923,151.22667,Port Hacking,400,Bombora,,Ring-500,100,0,0,0,0,0,0,0,0,0,1,0,0
NRS_PH,PHB20160502B,3/05/2016,Ethanol,11:17,-34.11923,151.22667,Port Hacking,402.8813211,Bombora,,Ring-500,100,0,0,0,0,0,0,0,0,0,0,0,0
NRS_PH,PHA20160615A,15/06/2016,Formalin,13:35,-34.08333,151.21667,Port Hacking A,376.5766171,Bombora,,Ring-500,50,0,0,0,0,0,0,0,0,0,0,0,0
NRS_PH,PHB20160615A,15/06/2016,Formalin,10:27,-34.11923,151.22667,Port Hacking,376,Bombora,,Ring-500,100,0,0,0,0,0,0,0,0,0,0,0,0
NRS_PH,PHB20160615B,15/06/2016,Ethanol,10:44,-34.11923,151.22667,Port Hacking,314.6500068,Bombora,,Ring-500,100,0,0,0,0,0,0,0,0,0,0,0,0
NRS_PH,PHA20160719A,19/07/2016,Formalin,12:40,-34.08333,151.21667,Port Hacking A,415,Bombora,,Ring-500,50,0,0,0,0,0,0,3,0,0,2,1,0
NRS_PH,PHB20160719A,19/07/2016,Formalin,9:30,-34.11923,151.22667,Port Hacking,435,Bombora,,Ring-500,100,0,0,0,0,0,0,0,0,0,5,1,0
NRS_PH,PHB20160719B,19/07/2016,Ethanol,9:49,-34.11923,151.22667,Port Hacking,457.6713508,Bombora,,Ring-500,100,0,0,0,0,0,0,3,0,0,32,0,0
NRS_PH,PHA20160829A,30/08/2016,Formalin,12:09,-34.08333,151.21667,Port Hacking A,414.2571525,Bombora,,Ring-500,50,,,,,,,,,,,,
NRS_PH,PHB20160829A,30/08/2016,Formalin,8:43,-34.11923,151.22667,Port Hacking,488,Bombora,,Ring-500,100,0,0,0,0,0,0,0,0,0,6,1,0
NRS_PH,PHB20160829B,30/08/2016,Ethanol,9:00,-34.11923,151.22667,Port Hacking,449.8638097,Bombora,,Ring-500,100,0,0,0,0,0,0,0,0,0,0,0,0
NRS_PH,PHA20160926A,26/09/2016,Formalin,12:00,-34.08333,151.21667,Port Hacking A,277,Bombora,,Ring-500,50,0,0,0,0,0,0,2,0,0,0,0,0
NRS_PH,PHB20160926A,26/09/2016,Formalin,8:38,-34.11923,151.22667,Port Hacking,429,Bombora,,Ring-500,100,,,,,,,,,,,,
NRS_PH,PHB20160926B,26/09/2016,Ethanol,8:53,-34.11923,151.22667,Port Hacking,328.5724385,Bombora,,Ring-500,100,0,0,0,0,0,0,0,0,0,5,0,0
NRS_PH,PHA20161030A,31/10/2016,Formalin,12:13,-34.08333,151.21667,Port Hacking A,375,Bombora,,Ring-500,50,,,,,,,,,,,,
NRS_PH,PHB20161030A,31/10/2016,Formalin,8:57,-34.11923,151.22667,Port Hacking,442,Bombora,,Ring-500,100,0,0,0,0,0,0,2,0,0,1,0,0
NRS_PH,PHB20161030B,31/10/2016,Ethanol,9:14,-34.11923,151.22667,Port Hacking,337.7066516,Bombora,,Ring-500,100,0,0,0,0,0,0,0,0,0,3,0,0
NRS_PH,PHA20161204A,5/12/2016,Formalin,12:45,-34.08333,151.21667,Port Hacking A,429,Bombora,,Ring-500,50,0,0,0,0,0,0,2,0,0,3,0,0
NRS_PH,PHB20161204A,5/12/2016,Formalin,9:04,-34.11923,151.22667,Port Hacking,352,Bombora,,Ring-500,100,0,0,0,0,0,0,0,0,0,22,0,0
NRS_PH,PHB20161204B,5/12/2016,Ethanol,9:22,-34.11923,151.22667,Port Hacking,366.2224757,Bombora,,Ring-500,100,,,,,,,,,,,,
NRS_PH,PHA2017020524A,5/02/2017,Formalin,12:37,-34.08333,151.21667,Port Hacking A,440.8058421,Bombora,24,Ring-500,50,0,0,0,0,0,0,0,0,0,5,0,0
NRS_PH,PHB2017020516A,5/02/2017,Formalin,9:09,-34.11923,151.22667,Port Hacking,512.6901172,Bombora,16,Ring-500,100,0,0,0,0,0,0,1,0,0,6,0,0
NRS_PH,PHB2017020526B,5/02/2017,Ethanol,9:25,-34.11923,151.22667,Port Hacking,449.0556072,Bombora,26,Ring-500,100,0,0,0,0,0,0,0,0,0,10,0,0
NRS_PH,PHA2017032129A,22/03/2017,Formalin,11:55,-34.08333,151.21667,Port Hacking A,382.4322729,Bombora,29,Ring-500,50,0,0,0,0,0,0,14,0,0,25,1,0
NRS_PH,PHB2017032124A,22/03/2017,Formalin,8:47,-34.11923,151.22667,Port Hacking,425.3280018,Bombora,24,Ring-500,100,0,0,2,0,0,0,12,0,2,55,0,1
NRS_PH,PHB2017032125B,22/03/2017,Ethanol,9:03,-34.11923,151.22667,Port Hacking,392.8626599,Bombora,25,Ring-500,100,0,0,0,0,0,0,9,0,1,7,0,1
NRS_PH,PHA2017051721A,18/05/2017,Formalin,11:51,-34.08333,151.21667,Port Hacking A,439.6621593,Bombora,21,Ring-500,50,0,0,1,0,0,0,1,0,0,2,0,0
NRS_PH,PHB2017051722A,18/05/2017,Formalin,9:05,-34.11923,151.22667,Port Hacking,478.0746517,Bombora,22,Ring-500,100,0,0,0,0,0,0,0,0,0,1,0,0
NRS_PH,PHB2017051722B,18/05/2017,Ethanol,9:22,-34.11923,151.22667,Port Hacking,421.393733,Bombora,22,Ring-500,100,0,0,0,0,0,0,0,0,0,0,0,0
NRS_PH,PHA2017071626A,17/07/2017,Formalin,12:02,-34.08333,151.21667,Port Hacking A,468.4067199,Bombora,26,Ring-500,50,0,0,0,0,0,0,1,0,0,8,0,0
NRS_PH,PHB2017071625A,17/07/2017,Formalin,9:02,-34.11923,151.22667,Port Hacking,379.9619181,Bombora,25,Ring-500,100,0,0,0,0,0,0,2,0,0,2,0,0
NRS_PH,PHB2017071629B,17/07/2017,Ethanol,9:21,-34.11923,151.22667,Port Hacking,445.2585804,Bombora,29,Ring-500,100,,,,,,,,,,,,
NRS_PH,PHA2017082119A,22/08/2017,Formalin,12:30,-34.08333,151.21667,Port Hacking A,431.1531594,Bombora,19,Ring-500,50,0,0,0,0,0,0,1,0,0,2,0,0
NRS_PH,PHB2017082121A,22/08/2017,Formalin,9:10,-34.11923,151.22667,Port Hacking,494.1014597,Bombora,21,Ring-500,100,0,0,0,0,0,0,1,0,0,4,2,0
NRS_PH,PHB2017082123B,22/08/2017,Ethanol,9:28,-34.11923,151.22667,Port Hacking,426.4259373,Bombora,23,Ring-500,100,0,0,0,0,0,0,0,0,0,5,0,0
NRS_PH,PHA2017092126A,22/09/2017,Formalin,11:16,-34.08333,151.21667,Port Hacking A,450.7635068,Bombora,26,Ring-500,50,0,0,0,0,0,0,5,0,0,29,1,0
NRS_PH,PHB2017092124A,22/09/2017,Formalin,8:08,-34.11923,151.22667,Port Hacking,421.9427008,Bombora,24,Ring-500,100,0,0,0,0,0,0,7,0,0,16,4,0
NRS_PH,PHB2017092129B,22/09/2017,Ethanol,8:28,-34.11923,151.22667,Port Hacking,377.1865812,Bombora,29,Ring-500,100,0,0,0,0,0,0,0,0,0,20,0,0
NRS_PH,PHA20171024A,25/10/2017,Formalin,11:34,-34.08333,151.21667,Port Hacking A,352.9862536,Bombora,,Ring-500,50,0,0,0,0,0,0,0,0,0,0,0,0
NRS_PH,PHB20171024A,25/10/2017,Formalin,8:11,-34.11923,151.22667,Port Hacking,245.3733284,Bombora,,Ring-500,100,0,0,0,0,0,0,18,0,0,50,0,0
NRS_PH,PHB20171024B,25/10/2017,Ethanol,8:35,-34.11923,151.22667,Port Hacking,226.9066638,Bombora,,Ring-500,100,0,0,0,0,0,0,2,0,0,4,0,0
NRS_PH,PHA20171211A,12/12/2017,Formalin,11:16,-34.08333,151.21667,Port Hacking A,450.7635068,Zelda Faith,,Ring-500,50,,,,,,,,,,,,
NRS_PH,PHB20171211A,12/12/2017,Formalin,8:08,-34.11923,151.22667,Port Hacking,421.9427008,Zelda Faith,,Ring-500,100,,,,,,,,,,,,
NRS_PH,PHB20171211B,12/12/2017,Ethanol,8:28,-34.11923,151.22667,Port Hacking,377.1865812,Zelda Faith,,Ring-500,100,,,,,,,,,,,,
NRS_PH,PHA2018012326A,24/01/2018,Formalin,12:17,-34.08333,151.21667,Port Hacking A,430.0247257,Bombora,26,Ring-500,50,0,0,0,0,0,0,2,0,0,13,1,0
NRS_PH,PHB2018012321A,24/01/2018,Formalin,9:53,-34.11923,151.22667,Port Hacking,453.7523312,Bombora,21,Ring-500,100,0,0,0,0,0,0,0,0,0,4,0,0
NRS_PH,PHB2018012323B,24/01/2018,Ethanol,10:16,-34.11923,151.22667,Port Hacking,445.9905374,Bombora,23,Ring-500,100,0,0,0,0,0,0,0,0,0,1,0,0
NRS_PH,PHA2018022132A,22/02/2018,Formalin,11:30,-34.08333,151.21667,Port Hacking A,347.0848504,Bombora,32,Ring-500,50,0,0,0,0,0,0,2,0,0,16,0,0
NRS_PH,PHB2018022118B,22/02/2018,Ethanol,8:58,-34.11923,151.22667,Port Hacking,465.6618812,Bombora,18,Ring-500,100,0,0,0,0,0,0,0,0,0,1,0,0
NRS_PH,PHB2018022122A,22/02/2018,Formalin,8:42,-34.11923,151.22667,Port Hacking,481.0787251,Bombora,22,Ring-500,100,0,0,0,0,0,0,2,0,0,2,0,0
NRS_PH,PHA2018032618A,27/03/2018,Formalin,11:56,-34.08333,151.21667,Port Hacking A,262.9250469,Bombora,18,Ring-500,50,0,0,0,0,0,0,1,0,2,42,0,0
NRS_PH,PHB2018032618A,27/03/2018,Formalin,9:14,-34.11923,151.22667,Port Hacking,268.6587099,Bombora,18,Ring-500,100,0,0,3,0,0,0,0,0,0,1,0,0
NRS_PH,PHB2018032619B,27/03/2018,Formalin,9:26,-34.11923,151.22667,Port Hacking,262.8183031,Bombora,19,Ring-500,100,,,,,,,,,,,,
NRS_PH,PHA20180626A,27/06/2018,Formalin,12:02,-34.08333,151.21667,Port Hacking A,410.0331507,Zelda Faith,,Ring-500,50,0,0,0,0,0,0,5,0,0,9,3,0
NRS_PH,PHB20180626A,27/06/2018,Formalin,10:26,-34.11923,151.22667,Port Hacking,425.1907599,Zelda Faith,,Ring-500,100,0,0,0,0,0,0,0,0,0,1,0,0
NRS_PH,PHA2018072421A,25/07/2018,Formalin,12:26,-34.08333,151.21667,Port Hacking A,244.717617,Zelda Faith,21,Ring-500,50,0,0,0,0,0,0,0,0,0,0,0,0
NRS_PH,PHB2018072418A,25/07/2018,Formalin,9:33,-34.11923,151.22667,Port Hacking,292.2490734,Zelda Faith,18,Ring-500,100,0,0,0,0,0,0,1,0,0,0,8,0
NRS_PH,PHB2018072434B,25/07/2018,Formalin,9:45,-34.11923,151.22667,Port Hacking,249.6735757,Zelda Faith,34,Ring-500,100,0,0,0,0,0,0,0,0,0,0,15,0
NRS_PH,PHA2018090528A,5/09/2018,Formalin,13:17,-34.08333,151.21667,Port Hacking A,119.5072261,Zelda Faith,28,Ring-500,50,,,,,,,,,,,,
NRS_PH,PHB2018090526B,5/09/2018,Formalin,10:31,-34.11923,151.22667,Port Hacking,130.7000682,Zelda Faith,26,Ring-500,100,0,0,0,0,0,0,0,0,0,0,0,0
NRS_PH,PHB2018090538A,5/09/2018,Formalin,10:14,-34.11923,151.22667,Port Hacking,98.38721739,Zelda Faith,38,Ring-500,100,0,0,0,0,0,0,0,0,0,1,0,0
NRS_PH,PHA20180927A,27/09/2018,Formalin,12:46,-34.08333,151.21667,Port Hacking A,261.8728587,Zelda Faith,,Ring-500,50,0,0,0,0,0,0,0,0,0,3,0,0
NRS_PH,PHB20180927A,27/09/2018,Formalin,10:03,-34.11923,151.22667,Port Hacking,276.5577456,Zelda Faith,,Ring-500,100,0,0,0,0,0,0,2,0,0,1,0,0
NRS_PH,PHB20180927B,27/09/2018,Ethanol,10:21,-34.11923,151.22667,Port Hacking,263.2300289,Zelda Faith,,Ring-500,100,0,0,0,0,0,0,1,0,0,1,0,0
NRS_PH,PHA2018112018A,21/11/2018,Formalin,11:23,-34.08333,151.21667,Port Hacking A,164.2175983,Zelda Faith,18,Ring-500,50,0,0,0,0,0,0,0,0,0,28,0,0
NRS_PH,PHB2018112014B,21/11/2018,Ethanol,9:01,-34.11923,151.22667,Port Hacking,185.6883364,Zelda Faith,14,Ring-500,100,0,0,0,0,0,0,13,0,0,8,0,0
NRS_PH,PHB2018112019A,21/11/2018,Formalin,8:50,-34.11923,151.22667,Port Hacking,188.7839044,Zelda Faith,19,Ring-500,100,0,0,0,0,0,0,5,0,0,7,0,0
NRS_PH,PHA2018121834A,19/12/2018,Formalin,11:57,-34.08333,151.21667,Port Hacking A,185.3528561,Zelda Faith,34,Ring-500,50,0,0,0,0,0,0,3,0,0,9,1,0
NRS_PH,PHB2018121832A,19/12/2018,Ethanol,9:04,-34.11923,151.22667,Port Hacking,225.9002229,Zelda Faith,32,Ring-500,100,0,0,0,0,0,0,0,0,0,1,0,0
NRS_PH,PHB2018121850B,19/12/2018,Formalin,9:18,-34.11923,151.22667,Port Hacking,248.4536474,Zelda Faith,50,Ring-500,100,0,0,0,0,0,0,4,0,0,2,0,0
NRS_PH,PHA20190121,22/01/2019,Formalin,11:10,-34.08333,151.21667,Port Hacking A,276.3137599,Zelda Faith,,Bongo-500,50,0,0,0,0,0,0,0,0,0,2,0,0
NRS_PH,PHA20190121,22/01/2019,Ethanol,11:10,-34.08333,151.21667,Port Hacking A,276.3137599,Zelda Faith,,Bongo-500,50,0,0,0,0,0,0,2,0,0,2,0,0
NRS_PH,PHB20190121,22/01/2019,Formalin,9:20,-34.11923,151.22667,Port Hacking,150.798387,Zelda Faith,,Bongo-500,100,0,0,0,0,0,0,1,0,0,0,1,0
NRS_PH,PHB20190121,22/01/2019,Ethanol,9:20,-34.11923,151.22667,Port Hacking,150.798387,Zelda Faith,,Bongo-500,100,0,0,0,0,0,0,0,0,0,2,0,0
NRS_PH,PHA2019022725,28/02/2019,Formalin,13:46,-34.08333,151.21667,Port Hacking A,239.483608,Zelda Faith,25,Bongo-500,50,0,0,0,0,0,0,0,0,0,1,0,0
NRS_PH,PHA2019022725,28/02/2019,Ethanol,13:46,-34.08333,151.21667,Port Hacking A,239.483608,Zelda Faith,25,Bongo-500,50,0,0,0,0,0,0,0,0,0,1,0,0
NRS_PH,PHB2019022724,28/02/2019,Formalin,9:36,-34.11923,151.22667,Port Hacking,268.6570657,Zelda Faith,24,Bongo-500,100,0,0,0,0,0,0,0,0,0,0,0,0
NRS_PH,PHB2019022724,28/02/2019,Ethanol,9:36,-34.11923,151.22667,Port Hacking,268.6570657,Zelda Faith,24,Bongo-500,100,0,0,0,0,0,0,0,0,0,0,0,0
NRS_PH,PHA2019040814,9/04/2019,Formalin,10:42,-34.08333,151.21667,Port Hacking A,456.4992993,Zelda Faith,14,Bongo-500,50,0,0,1,0,0,0,7,0,0,13,0,0
NRS_PH,PHA2019040814,9/04/2019,Ethanol,10:42,-34.08333,151.21667,Port Hacking A,456.4992993,Zelda Faith,14,Bongo-500,50,0,0,0,0,0,0,7,0,0,7,0,0
NRS_PH,PHB2019040815,9/04/2019,Formalin,8:55,-34.11923,151.22667,Port Hacking,444.8299162,Zelda Faith,15,Bongo-500,100,0,0,0,0,0,0,7,0,0,22,0,0
NRS_PH,PHB2019040815,9/04/2019,Ethanol,8:55,-34.11923,151.22667,Port Hacking,444.8299162,Zelda Faith,15,Bongo-500,100,0,0,0,0,0,0,3,0,0,22,0,0
NRS_PH,PHA2019052210,23/05/2019,Formalin,11:27,-34.08333,151.21667,Port Hacking A,423.9295286,Zelda Faith,10,Bongo-500,50,0,0,0,0,0,0,0,0,0,1,0,0
NRS_PH,PHA2019052210,23/05/2019,Ethanol,11:27,-34.08333,151.21667,Port Hacking A,423.9295286,Zelda Faith,10,Bongo-500,50,0,0,0,0,0,0,1,0,0,0,0,0
NRS_PH,PHB2019052228,23/05/2019,Formalin,9:03,-34.11923,151.22667,Port Hacking,391.0114181,Zelda Faith,28,Bongo-500,100,0,0,1,0,0,0,0,0,0,1,0,0
NRS_PH,PHB2019052228,23/05/2019,Ethanol,9:03,-34.11923,151.22667,Port Hacking,391.0114181,Zelda Faith,28,Bongo-500,100,0,0,0,0,0,0,0,0,0,0,0,0
NRS_PH,PHA2019062613,27/06/2019,Formalin,12:13,-34.08333,151.21667,Port Hacking A,374.0298532,Zelda Faith,13,Bongo-500,50,0,0,0,0,0,0,2,0,0,3,0,0
NRS_PH,PHA2019062613,27/06/2019,Ethanol,12:13,-34.08333,151.21667,Port Hacking A,374.0298532,Zelda Faith,13,Bongo-500,50,0,0,0,0,0,0,1,0,0,0,0,0
NRS_PH,PHB2019062621,27/06/2019,Formalin,9:17,-34.11923,151.22667,Port Hacking,319.1663357,Zelda Faith,21,Bongo-500,100,0,0,0,0,0,0,0,0,0,0,0,0
NRS_PH,PHB2019062621,27/06/2019,Ethanol,9:17,-34.11923,151.22667,Port Hacking,319.1663357,Zelda Faith,21,Bongo-500,100,0,0,0,0,0,0,1,0,0,0,0,0
NRS_PH,PHA2019072920,29/07/2019,Formalin,12:12,-34.08333,151.21667,Port Hacking A,361.2283658,Zelda Faith,20,Bongo-500,50,0,0,0,0,0,0,0,0,0,3,0,0
NRS_PH,PHA2019072920,29/07/2019,Ethanol,12:12,-34.08333,151.21667,Port Hacking A,361.2283658,Zelda Faith,20,Bongo-500,50,0,0,0,0,0,0,2,0,0,5,1,0
NRS_PH,PHB2019072925,29/07/2019,Formalin,9:42,-34.11923,151.22667,Port Hacking,390.1405686,Zelda Faith,25,Bongo-500,100,0,0,0,0,0,0,0,0,0,8,2,0
NRS_PH,PHB2019072925,29/07/2019,Ethanol,9:42,-34.11923,151.22667,Port Hacking,390.1405686,Zelda Faith,25,Bongo-500,100,0,0,0,0,0,0,1,0,0,6,1,0
NRS_PH,PHA2019082715,28/08/2019,Formalin,10:55,-34.08333,151.21667,Port Hacking A,346.1626697,Zelda Faith,15,Bongo-500,50,0,0,0,0,0,0,2,0,0,4,0,0
NRS_PH,PHA2019082715,28/08/2019,Ethanol,10:55,-34.08333,151.21667,Port Hacking A,346.1626697,Zelda Faith,15,Bongo-500,50,0,0,0,0,0,0,1,0,0,5,0,0
NRS_PH,PHB2019082724,28/08/2019,Formalin,9:37,-34.11923,151.22667,Port Hacking,260.3839956,Zelda Faith,24,Bongo-500,100,0,0,0,0,0,0,1,0,0,0,0,0
NRS_PH,PHB2019082724,28/08/2019,Ethanol,9:37,-34.11923,151.22667,Port Hacking,260.3839956,Zelda Faith,24,Bongo-500,100,0,0,0,0,0,0,1,0,0,0,0,0
NRS_PH,PHA2019092310,24/09/2019,Formalin,11:41,-34.08333,151.21667,Port Hacking A,264.3028183,Zelda Faith,10,Bongo-500,50,0,0,0,0,0,0,0,0,0,0,0,0
NRS_PH,PHA2019092310,24/09/2019,Ethanol,11:41,-34.08333,151.21667,Port Hacking A,264.3028183,Zelda Faith,10,Bongo-500,50,,,,,,,,,,,,
NRS_PH,PHB2019092330,24/09/2019,Formalin,9:27,-34.11923,151.22667,Port Hacking,299.3980525,Zelda Faith,30,Bongo-500,100,0,0,0,0,0,0,0,0,0,0,0,0
NRS_PH,PHB2019092330,24/09/2019,Ethanol,9:27,-34.11923,151.22667,Port Hacking,299.3980525,Zelda Faith,30,Bongo-500,100,0,0,0,0,0,0,1,0,0,1,0,0
NRS_PH,PHA2019102828,29/10/2019,Formalin,11:29,-34.08333,151.21667,Port Hacking A,263.8673935,Zelda Faith,28,Bongo-500,50,0,0,0,0,0,0,1,0,0,13,1,0
NRS_PH,PHA2019102828,29/10/2019,Ethanol,11:29,-34.08333,151.21667,Port Hacking A,263.8673935,Zelda Faith,28,Bongo-500,50,0,0,0,0,0,0,3,0,0,8,2,0
NRS_PH,PHB2019102829,29/10/2019,Formalin,9:05,-34.11923,151.22667,Port Hacking,272.5758884,Zelda Faith,29,Bongo-500,100,0,0,0,0,0,0,0,0,0,0,0,0
NRS_PH,PHB2019102829,29/10/2019,Ethanol,9:05,-34.11923,151.22667,Port Hacking,272.5758884,Zelda Faith,29,Bongo-500,100,0,0,0,0,0,0,0,0,0,2,0,0
NRS_PH,PHA2019111826,19/11/2019,Formalin,11:10,-34.08333,151.21667,Port Hacking A,243.8378554,Zelda Faith,26,Bongo-500,50,0,0,0,0,0,0,8,0,0,10,0,0
NRS_PH,PHA2019111826,19/11/2019,Ethanol,11:10,-34.08333,151.21667,Port Hacking A,243.8378554,Zelda Faith,26,Bongo-500,50,0,0,0,0,0,0,2,0,0,9,0,0
NRS_PH,PHB2019111826,19/11/2019,Formalin,8:58,-34.11923,151.22667,Port Hacking,310.8932656,Zelda Faith,26,Bongo-500,100,0,0,0,0,0,0,3,0,0,1,0,0
NRS_PH,PHB2019111826,19/11/2019,Ethanol,8:58,-34.11923,151.22667,Port Hacking,310.8932656,Zelda Faith,26,Bongo-500,100,0,0,0,0,0,0,1,0,0,0,0,0
NRS_PH,PHA20191217,17/12/2019,Formalin,11:10,-34.08333,151.21667,Port Hacking A,430.8092395,Zelda Faith,,Bongo-500,50,0,0,0,0,0,0,1,0,0,0,0,0
NRS_PH,PHA20191217,17/12/2019,Ethanol,11:10,-34.08333,151.21667,Port Hacking A,430.8092395,Zelda Faith,,Bongo-500,50,0,0,0,0,0,0,3,0,0,9,0,2
NRS_PH,PHB20191217,17/12/2019,Formalin,8:40,-34.11923,151.22667,Port Hacking,439.7789892,Zelda Faith,,Bongo-500,100,0,0,0,0,0,0,0,0,0,0,0,0
NRS_PH,PHB20191217,17/12/2019,Ethanol,8:40,-34.11923,151.22667,Port Hacking,439.7789892,Zelda Faith,,Bongo-500,100,0,0,0,0,0,0,0,0,0,0,0,0
NRS_PH,PHB2020022440,25/02/2020,Formalin,8:40,-34.11923,151.22667,Port Hacking,144.189089,Bombora,40,Bongo-500,100,0,0,0,0,0,0,2,0,0,13,0,0
NRS_PH,PHB2020022440,25/02/2020,Ethanol,8:40,-34.11923,151.22667,Port Hacking,144.189089,Bombora,40,Bongo-500,100,,,,,,,,,,,,
NRS_PH,PHA2020051921,20/05/2020,Formalin,12:14,-34.08333,151.21667,Port Hacking A,351.7339898,Zelda Faith,21,Bongo-500,50,0,0,0,0,0,0,2,0,0,10,0,0
NRS_PH,PHA2020051921,20/05/2020,Ethanol,12:14,-34.08333,151.21667,Port Hacking A,351.7339898,Zelda Faith,21,Bongo-500,50,0,0,0,0,0,0,1,0,0,6,0,0
NRS_PH,PHB2020051921,20/05/2020,Formalin,9:43,-34.11923,151.22667,Port Hacking,351.6466024,Zelda Faith,21,Bongo-500,100,0,0,0,0,0,0,5,0,0,15,0,0
NRS_PH,PHB2020051921,20/05/2020,Ethanol,9:43,-34.11923,151.22667,Port Hacking,351.6466024,Zelda Faith,21,Bongo-500,100,0,0,0,0,0,0,1,0,0,18,0,0
NRS_PH,PHA2020060918,10/06/2020,Formalin,11:40,-34.08333,151.21667,Port Hacking A,356.5402927,Zelda Faith,18,Bongo-500,50,0,0,0,0,0,0,0,0,0,3,2,0
NRS_PH,PHA2020060918,10/06/2020,Ethanol,11:40,-34.08333,151.21667,Port Hacking A,356.5402927,Zelda Faith,18,Bongo-500,50,0,0,0,0,0,0,0,0,0,2,0,0
NRS_PH,PHB2020060918,10/06/2020,Formalin,9:15,-34.11923,151.22667,Port Hacking,323.5952706,Zelda Faith,18,Bongo-500,100,0,0,0,0,0,0,4,0,0,3,0,0
NRS_PH,PHB2020060918,10/06/2020,Ethanol,9:15,-34.11923,151.22667,Port Hacking,323.5952706,Zelda Faith,18,Bongo-500,100,0,0,0,0,0,0,1,0,0,4,2,0
NRS_PH,PHA2020063019,1/07/2020,Formalin,11:06,-34.08333,151.21667,Port Hacking A,347.8889474,Zelda Faith,19,Bongo-500,50,0,0,0,0,0,0,2,0,0,9,0,0
NRS_PH,PHA2020063019,1/07/2020,Ethanol,11:06,-34.08333,151.21667,Port Hacking A,347.8889474,Zelda Faith,19,Bongo-500,50,0,0,0,0,0,0,2,0,0,6,0,0
NRS_PH,PHB2020063029,1/07/2020,Formalin,9:01,-34.11923,151.22667,Port Hacking,320.0123902,Zelda Faith,29,Bongo-500,100,0,0,0,0,0,0,0,0,0,0,0,0
NRS_PH,PHB2020063029,1/07/2020,Ethanol,9:01,-34.11923,151.22667,Port Hacking,320.0123902,Zelda Faith,29,Bongo-500,100,,,,,,,,,,,,
NRS_PH,PHA2020081222,13/08/2020,Formalin,11:48,-34.08333,151.21667,Port Hacking A,416.8375481,Zelda Faith,22,Bongo-500,50,0,0,0,0,0,0,0,0,0,0,1,0
NRS_PH,PHA2020081222,13/08/2020,Ethanol,11:48,-34.08333,151.21667,Port Hacking A,416.8375481,Zelda Faith,22,Bongo-500,50,0,0,0,0,0,0,0,0,0,0,0,0
NRS_PH,PHB2020081232,13/08/2020,Formalin,9:22,-34.11923,151.22667,Port Hacking,425.5762808,Zelda Faith,32,Bongo-500,100,0,0,0,0,0,0,1,0,0,2,2,0
NRS_PH,PHB2020081232,13/08/2020,Ethanol,9:22,-34.11923,151.22667,Port Hacking,425.5762808,Zelda Faith,32,Bongo-500,100,0,0,0,0,0,0,0,0,0,0,2,0
NRS_PH,PHA20200831,1/09/2020,Formalin,11:48,-34.08333,151.21667,Port Hacking A,426.4501541,Zelda Faith II,,Bongo-500,50,0,0,0,0,0,0,0,0,0,0,0,0
NRS_PH,PHA20200831,1/09/2020,Ethanol,11:48,-34.08333,151.21667,Port Hacking A,426.4501541,Zelda Faith II,,Bongo-500,50,0,0,0,0,0,0,0,0,0,0,0,0
NRS_PH,PHB2020083123,1/09/2020,Formalin,9:22,-34.11923,151.22667,Port Hacking,290.8250231,Zelda Faith II,23,Bongo-500,100,,,,,,,,,,,,
NRS_PH,PHB2020083123,1/09/2020,Ethanol,9:22,-34.11923,151.22667,Port Hacking,290.8250231,Zelda Faith II,23,Bongo-500,100,,,,,,,,,,,,
NRS_PH,PHA20200922,23/09/2020,Formalin,11:30,-34.08333,151.21667,Port Hacking A,426.4501541,Zelda Faith II,,Bongo-500,50,0,0,0,0,0,0,2,0,0,28,0,0
NRS_PH,PHA20200922,23/09/2020,Ethanol,11:30,-34.08333,151.21667,Port Hacking A,426.4501541,Zelda Faith II,,Bongo-500,50,,,,,,,,,,,,
NRS_PH,PHB20200922,23/09/2020,Formalin,8:59,-34.11923,151.22667,Port Hacking,392.3690967,Zelda Faith II,,Bongo-500,100,0,0,0,0,0,0,5,0,0,5,4,0
NRS_PH,PHB20200922,23/09/2020,Ethanol,8:59,-34.11923,151.22667,Port Hacking,392.3690967,Zelda Faith II,,Bongo-500,100,0,0,0,0,0,0,5,0,0,20,2,0
NRS_PH,PHA20201013,14/10/2020,Formalin,11:21,-34.08333,151.21667,Port Hacking A,259.5403602,Zelda Faith II,,Bongo-500,50,,,,,,,,,,,,
NRS_PH,PHA20201013,14/10/2020,Ethanol,11:21,-34.08333,151.21667,Port Hacking A,259.5403602,Zelda Faith II,,Bongo-500,50,0,0,0,0,0,0,0,0,0,3,0,0
NRS_PH,PHB20201013,14/10/2020,Formalin,9:23,-34.11923,151.22667,Port Hacking,258.6664869,Zelda Faith II,,Bongo-500,100,,,,,,,,,,,,
NRS_PH,PHB20201013,14/10/2020,Ethanol,9:23,-34.11923,151.22667,Port Hacking,258.6664869,Zelda Faith II,,Bongo-500,100,0,0,0,0,0,0,0,0,0,3,0,0
NRS_PH,PHA20201110,11/11/2020,Formalin,11:46,-34.08333,151.21667,Port Hacking A,309.3511363,Zelda Faith II,,Bongo-500,50,,,,,,,,,,,,
NRS_PH,PHA20201110,11/11/2020,Ethanol,11:46,-34.08333,151.21667,Port Hacking A,309.3511363,Zelda Faith II,,Bongo-500,50,0,0,0,0,0,0,0,0,0,1,0,0
NRS_PH,PHB20201110,11/11/2020,Formalin,8:52,-34.11923,151.22667,Port Hacking,290.9997977,Zelda Faith II,,Bongo-500,100,,,,,,,,,,,,
NRS_PH,PHB20201110,11/11/2020,Ethanol,8:52,-34.11923,151.22667,Port Hacking,290.9997977,Zelda Faith II,,Bongo-500,100,0,0,0,0,0,0,1,0,0,0,0,0
NRS_PH,PHA2021021020,11/02/2021,Formalin,10:47,-34.08333,151.21667,Port Hacking A,346.9276868,Zelda Faith II,20,Bongo-500,50,0,0,0,0,0,0,2,0,0,9,0,0
NRS_PH,PHA2021021020,11/02/2021,Ethanol,10:47,-34.08333,151.21667,Port Hacking A,346.9276868,Zelda Faith II,20,Bongo-500,50,0,0,0,0,0,0,1,0,0,8,0,0
NRS_PH,PHB2021021019,11/02/2021,Formalin,8:23,-34.11923,151.22667,Port Hacking,305.8556433,Zelda Faith II,19,Bongo-500,100,0,0,0,0,0,0,2,0,0,2,0,0
NRS_PH,PHB2021021019,11/02/2021,Ethanol,8:23,-34.11923,151.22667,Port Hacking,305.8556433,Zelda Faith II,19,Bongo-500,100,0,0,0,0,0,0,1,0,0,0,0,0
NRS_PH,PHA2021031016,10/03/2021,Formalin,11:30,-34.08333,151.21667,Port Hacking A,311.045947,Zelda Faith II,16,Bongo-500,50,0,0,0,0,0,0,2,0,0,15,0,0
NRS_PH,PHA2021031016,10/03/2021,Ethanol,11:30,-34.08333,151.21667,Port Hacking A,311.045947,Zelda Faith II,16,Bongo-500,50,0,0,0,0,0,0,1,0,0,5,0,0
NRS_PH,PHB20210310,10/03/2021,Formalin,8:43,-34.11923,151.22667,Port Hacking,247.547448,Zelda Faith II,,Bongo-500,100,0,0,0,0,0,0,0,0,0,2,0,0
NRS_PH,PHB20210310,10/03/2021,Ethanol,8:43,-34.11923,151.22667,Port Hacking,247.547448,Zelda Faith II,,Bongo-500,100,0,0,0,0,0,0,0,0,0,0,0,0
NRS_PH,PHA2021042114,22/04/2021,Formalin,11:45,-34.08333,151.21667,Port Hacking A,325.0671892,Zelda Faith II,14,Bongo-500,50,0,0,0,0,0,0,6,0,0,6,0,0
NRS_PH,PHA2021042114,22/04/2021,Ethanol,11:45,-34.08333,151.21667,Port Hacking A,325.0671892,Zelda Faith II,14,Bongo-500,50,0,0,0,0,0,0,2,0,0,2,0,0
NRS_PH,PHB2021042126,22/04/2021,Formalin,9:18,-34.11923,151.22667,Port Hacking,242.0678821,Zelda Faith II,26,Bongo-500,100,0,0,0,0,0,0,1,0,0,0,0,0
NRS_PH,PHB2021042126,22/04/2021,Ethanol,9:18,-34.11923,151.22667,Port Hacking,242.0678821,Zelda Faith II,26,Bongo-500,100,0,0,0,0,0,0,1,0,0,2,0,0
NRS_PH,PHA2021051925,19/05/2021,Formalin,10:46,-34.08333,151.21667,Port Hacking,440.7827281,Zelda Faith,25,Bongo-500,50,0,0,0,0,0,0,0,0,0,1,0,0
NRS_PH,PHA2021051925,19/05/2021,Ethanol,10:46,-34.08333,151.21667,Port Hacking,440.7827281,Zelda Faith,25,Bongo-500,50,0,0,0,0,0,0,1,0,0,2,0,0
NRS_PH,PHB2021051928,19/05/2021,Formalin,8:10,-34.11923,151.22667,Port Hacking,414.9965356,Zelda Faith,28,Bongo-500,100,0,0,0,0,0,0,0,0,0,0,0,0
NRS_PH,PHB2021051928,19/05/2021,Ethanol,8:10,-34.11923,151.22667,Port Hacking,414.9965356,Zelda Faith,28,Bongo-500,100,0,0,0,0,0,0,0,0,0,0,0,0
NRS_PH,PHA2021061516,15/06/2021,Formalin,11:41,-34.08333,151.21667,Port Hacking,350.3698906,Zelda Faith,16,Bongo-500,50,0,0,0,0,0,0,0,0,0,1,0,0
NRS_PH,PHA2021061516,15/06/2021,Ethanol,11:41,-34.08333,151.21667,Port Hacking,350.3698906,Zelda Faith,16,Bongo-500,50,0,0,0,0,0,0,0,0,0,0,0,0
NRS_PH,PHB2021061520,15/06/2021,Formalin,8:38,-34.11923,151.22667,Port Hacking,180.8256749,Zelda Faith,20,Bongo-500,100,0,0,0,0,0,0,0,0,0,0,0,0
NRS_PH,PHB2021061520,15/06/2021,Ethanol,8:38,-34.11923,151.22667,Port Hacking,180.8256749,Zelda Faith,20,Bongo-500,100,0,0,0,0,0,0,0,0,0,0,0,0
NRS_PH,PHA2021102825,28/10/2021,Formalin,11:23,-34.08333,151.21667,Port Hacking,147.9482795,Zelda Faith,25,Bongo-500,50,0,0,0,0,0,0,0,0,0,0,0,0
NRS_PH,PHA2021102825,28/10/2021,Ethanol,11:23,-34.08333,151.21667,Port Hacking,147.9482795,Zelda Faith,25,Bongo-500,50,0,0,0,0,0,0,0,0,0,0,0,0
NRS_PH,PHB2021102827,28/10/2021,Formalin,9:00,-34.11923,151.22667,Port Hacking,62.0480257,Zelda Faith,27,Bongo-500,100,0,0,0,0,0,0,0,0,0,1,0,0
NRS_PH,PHB2021102827,28/10/2021,Ethanol,9:00,-34.11923,151.22667,Port Hacking,62.0480257,Zelda Faith,27,Bongo-500,100,0,0,0,0,0,0,0,0,0,1,0,0
NRS_PH,PHA2021111027,10/11/2021,Formalin,10:52,-34.08333,151.21667,Port Hacking,318.7818048,Zelda Faith,27,Bongo-500,50,0,0,0,0,0,0,0,0,0,0,0,0
NRS_PH,PHA2021111027,10/11/2021,Ethanol,10:52,-34.08333,151.21667,Port Hacking,318.7818048,Zelda Faith,27,Bongo-500,50,0,0,0,0,0,0,0,0,0,0,0,0
NRS_PH,PHB2021111017,10/11/2021,Formalin,9:00,-34.11923,151.22667,Port Hacking,319.2652959,Zelda Faith,17,Bongo-500,100,0,0,0,0,0,0,0,0,0,1,0,0
NRS_PH,PHB2021111017,10/11/2021,Ethanol,9:00,-34.11923,151.22667,Port Hacking,319.2652959,Zelda Faith,17,Bongo-500,100,0,0,0,0,0,0,0,0,0,0,0,0
NRS_PH,PHA2021112537,25/11/2021,Formalin,11:17,-34.08333,151.21667,Port Hacking,176.1519275,Zelda Faith,37,Bongo-500,50,0,0,0,0,0,0,0,0,0,0,0,0
NRS_PH,PHA2021112537,25/11/2021,Ethanol,11:17,-34.08333,151.21667,Port Hacking,176.1519275,Zelda Faith,37,Bongo-500,50,0,0,0,0,0,0,0,0,0,0,0,0
NRS_PH,PHB2021112522,25/11/2021,Formalin,8:55,-34.11923,151.22667,Port Hacking,239.6504266,Zelda Faith,22,Bongo-500,100,0,0,0,0,0,0,4,0,0,3,0,0
NRS_PH,PHB2021112522,25/11/2021,Ethanol,8:55,-34.11923,151.22667,Port Hacking,239.6504266,Zelda Faith,22,Bongo-500,100,0,0,0,0,0,0,1,0,0,1,0,0
NRS_PH,PHA2021121630,16/12/2021,Formalin,9:38,-34.08333,151.21667,Port Hacking,340.2165773,Zelda Faith,30,Bongo-500,50,0,0,0,0,0,0,1,0,0,2,0,0
NRS_PH,PHA2021121630,16/12/2021,Ethanol,9:38,-34.08333,151.21667,Port Hacking,340.2165773,Zelda Faith,30,Bongo-500,50,0,0,0,0,0,0,0,0,0,0,0,0
NRS_PH,PHA2021121630,16/12/2021,Formalin,9:38,-34.08333,151.21667,Port Hacking,339.4107588,Zelda Faith,30,Bongo-500,50,0,0,0,0,0,0,1,0,0,0,1,0
NRS_PH,PHA2021121630,16/12/2021,Ethanol,9:38,-34.08333,151.21667,Port Hacking,339.4107588,Zelda Faith,30,Bongo-500,50,0,0,0,0,0,0,0,0,0,0,0,0
NRS_MAI,MAI20141127A,28/11/2014,Formalin,11:50,-42.59667,148.23333,Maria Island,483,South Cape,,Ring-500,86,0,0,0,0,0,0,0,0,0,0,0,0
NRS_MAI,MAI20141127B,28/11/2014,Formalin,12:10,-42.59667,148.23333,Maria Island,481.7,South Cape,,Ring-500,86,0,0,0,0,0,0,0,0,0,0,0,0
NRS_MAI,MAI20141208A,9/12/2014,Formalin,11:58,-42.59667,148.23333,Maria Island,369.4,South Cape,,Ring-500,86,0,0,0,0,0,0,0,0,0,0,0,0
NRS_MAI,MAI20141208B,9/12/2014,Formalin,12:20,-42.59667,148.23333,Maria Island,485.6,South Cape,,Ring-500,86,0,0,0,0,0,1,0,0,0,0,0,0
NRS_MAI,MAI20150224A,25/02/2015,Formalin,12:00,-42.59667,148.23333,Maria Island,317,South Cape,,Ring-500,86,0,0,0,0,0,0,0,0,0,0,2,0
NRS_MAI,MAI20150224B,25/02/2015,Formalin,12:40,-42.59667,148.23333,Maria Island,330.9,South Cape,,Ring-500,86,0,0,0,0,0,0,0,0,0,0,0,0
NRS_MAI,MAI20150421A,21/04/2015,Formalin,12:59,-42.59667,148.23333,Maria Island,565.2,South Cape,,Ring-500,86,0,0,0,0,0,1,0,0,0,0,0,0
NRS_MAI,MAI20150421B,21/04/2015,Formalin,13:16,-42.59667,148.23333,Maria Island,522.2,South Cape,,Ring-500,86,0,0,0,0,0,0,0,0,0,0,0,0
NRS_MAI,MAI20150526B,26/05/2015,Formalin,12:10,-42.59667,148.23333,Maria Island,371.8,South Cape,,Ring-500,86,0,0,0,0,0,0,0,0,0,0,0,0
NRS_MAI,MAI20150526A,26/05/2015,Formalin,12:00,-42.59667,148.23333,Maria Island,324.6,South Cape,,Ring-500,86,0,0,0,0,0,0,0,0,0,0,0,0
NRS_MAI,MAI20150723A,23/07/2015,Formalin,13:00,-42.59667,148.23333,Maria Island,321.2,South Cape,,Ring-500,86,0,0,0,0,0,0,0,0,0,0,0,0
NRS_MAI,MAI20150723B,23/07/2015,Formalin,13:10,-42.59667,148.23333,Maria Island,254.5,South Cape,,Ring-500,86,0,0,0,0,0,0,0,0,0,0,0,0
NRS_MAI,MAI20150811A,12/08/2015,Formalin,12:00,-42.59667,148.23333,Maria Island,342.3,South Cape,,Ring-500,86,0,0,0,0,0,0,0,0,0,0,0,0
NRS_MAI,MAI20150811B,12/08/2015,Formalin,12:10,-42.59667,148.23333,Maria Island,327,South Cape,,Ring-500,86,0,0,0,0,0,0,0,0,0,0,0,0
NRS_MAI,MAI20151118A,18/11/2015,Formalin,12:00,-42.59667,148.23333,Maria Island,401.5,South Cape,,Ring-500,86,0,0,0,0,0,0,0,0,0,0,0,0
NRS_MAI,MAI20151118B,18/11/2015,Formalin,12:10,-42.59667,148.23333,Maria Island,307.1,South Cape,,Ring-500,86,0,0,0,0,0,0,0,0,0,0,0,0
NRS_MAI,MAI20151216B,17/12/2015,Formalin,12:00,-42.59667,148.23333,Maria Island,466.2,South Cape,,Ring-500,86,0,0,0,0,0,0,0,0,0,0,0,0
NRS_MAI,MAI20151216A,17/12/2015,Formalin,9:00,-42.59667,148.23333,Maria Island,197.3,South Cape,,Ring-500,86,0,0,0,0,0,0,0,0,0,0,0,0
NRS_MAI,MAI20160209A,10/02/2016,Formalin,9:00,-42.59667,148.23333,Maria Island,537,South Cape,,Ring-500,86,0,0,0,0,0,0,0,0,0,0,0,0
NRS_MAI,MAI20160209B,10/02/2016,Formalin,12:00,-42.59667,148.23333,Maria Island,501,South Cape,,Ring-500,86,0,0,0,0,0,0,0,0,0,0,0,0
NRS_MAI,MAI20160303A,4/03/2016,Formalin,9:15,-42.59667,148.23333,Maria Island,483.1,South Cape,,Ring-500,86,0,0,0,0,0,51,0,0,0,0,0,1
NRS_MAI,MAI20160303B,4/03/2016,Formalin,13:30,-42.59667,148.23333,Maria Island,418.5,South Cape,,Ring-500,86,0,0,0,0,0,9,0,0,0,0,7,0
NRS_MAI,MAI20160321B,22/03/2016,Formalin,12:10,-42.59667,148.23333,Maria Island,261.9,South Cape,,Ring-500,86,0,0,0,0,0,0,0,0,0,0,0,0
NRS_MAI,MAI20160321A,22/03/2016,Formalin,9:35,-42.59667,148.23333,Maria Island,339.9,South Cape,,Ring-500,86,0,0,0,0,0,0,0,0,0,0,0,0
NRS_MAI,MAI2016042819B,28/04/2016,Formalin,13:16,-42.59667,148.23333,Maria Island,475.6,South Cape,19,Ring-500,86,0,0,0,0,0,0,0,0,0,0,0,0
NRS_MAI,MAI2016042818A,28/04/2016,Formalin,10:10,-42.59667,148.23333,Maria Island,555,South Cape,18,Ring-500,86,0,0,0,0,0,0,0,0,0,0,0,0
NRS_MAI,MAI2016053027B,31/05/2016,Formalin,12:45,-42.59667,148.23333,Maria Island,457.4,South Cape,27,Ring-500,86,0,0,0,0,0,0,0,0,0,0,0,0
NRS_MAI,MAI2016053025A,31/05/2016,Formalin,9:45,-42.59667,148.23333,Maria Island,699.81,South Cape,25,Ring-500,86,0,0,0,0,0,0,0,0,0,0,0,0
NRS_MAI,MAI2016063030B,1/07/2016,Formalin,13:19,-42.59667,148.23333,Maria Island,438.9,South Cape,30,Ring-500,86,0,0,0,0,0,0,0,0,0,0,0,0
NRS_MAI,MAI2016063024A,1/07/2016,Formalin,10:05,-42.59667,148.23333,Maria Island,542,South Cape,24,Ring-500,86,0,0,0,0,0,0,0,0,0,0,0,0
NRS_MAI,MAI2016072030B,21/07/2016,Formalin,12:30,-42.59667,148.23333,Maria Island,400.9,South Cape,30,Ring-500,86,0,0,0,0,0,0,0,0,0,0,0,0
NRS_MAI,MAI2016072025A,21/07/2016,Formalin,9:40,-42.59667,148.23333,Maria Island,398.1,South Cape,25,Ring-500,86,0,0,0,0,0,0,0,0,0,0,0,0
NRS_MAI,MAI20160831B,31/08/2016,Formalin,13:06,-42.59667,148.23333,Maria Island,437,South Cape,,Ring-500,86,0,0,0,0,0,0,0,0,0,0,0,0
NRS_MAI,MAI20160831A,31/08/2016,Formalin,9:50,-42.59667,148.23333,Maria Island,399.8,South Cape,,Ring-500,86,0,0,0,0,0,0,0,0,0,0,0,0
NRS_MAI,MAI20160927B,27/09/2016,Formalin,12:48,-42.59667,148.23333,Maria Island,438.4,South Cape,,Ring-500,86,0,0,0,0,0,4,0,0,0,0,0,0
NRS_MAI,MAI20160927A,27/09/2016,Formalin,9:40,-42.59667,148.23333,Maria Island,507.6,South Cape,,Ring-500,86,0,0,0,0,0,8,0,0,0,0,0,0
NRS_MAI,MAI2016111724B,18/11/2016,Formalin,11:26,-42.59667,148.23333,Maria Island,456.7,South Cape,24,Ring-500,86,0,0,0,0,0,23,0,0,0,0,0,0
NRS_MAI,MAI2016111720A,18/11/2016,Formalin,9:55,-42.59667,148.23333,Maria Island,493.3,South Cape,20,Ring-500,86,0,0,0,0,0,10,0,0,0,0,0,0
NRS_MAI,MAI2017010421B,5/01/2017,Formalin,13:12,-42.59667,148.23333,Maria Island,451.31,South Cape,21,Ring-500,86,0,0,0,0,0,1,0,0,0,0,0,0
NRS_MAI,MAI2017010425A,5/01/2017,Formalin,10:35,-42.59667,148.23333,Maria Island,271.8,South Cape,25,Ring-500,86,0,0,0,0,0,1,0,0,0,0,0,0
NRS_MAI,MAI2017022323B,24/02/2017,Formalin,12:51,-42.59667,148.23333,Maria Island,434.3,South Cape,23,Ring-500,86,0,0,0,0,0,7,0,0,0,0,0,0
NRS_MAI,MAI2017022329A,24/02/2017,Formalin,12:43,-42.59667,148.23333,Maria Island,395.2,South Cape,29,Ring-500,86,0,0,0,0,0,0,0,0,0,0,0,0
NRS_MAI,MAI20170323B,24/03/2017,Formalin,13:05,-42.59667,148.23333,Maria Island,474.5,South Cape,,Ring-500,86,0,0,0,0,0,0,0,0,0,0,2,0
NRS_MAI,MAI20170323A,24/03/2017,Formalin,12:48,-42.59667,148.23333,Maria Island,432.5,South Cape,,Ring-500,86,0,0,0,0,0,1,0,0,0,0,2,0
NRS_MAI,MAI2017041247B,12/04/2017,Formalin,12:15,-42.59667,148.23333,Maria Island,395.2,South Cape,47,Ring-500,86,0,0,0,0,0,0,0,0,0,0,0,0
NRS_MAI,MAI2017041224A,12/04/2017,Formalin,12:00,-42.59667,148.23333,Maria Island,439.2,South Cape,24,Ring-500,86,0,0,0,0,0,0,0,0,0,0,0,0
NRS_MAI,MAI2017060125B,2/06/2017,Formalin,12:29,-42.59667,148.23333,Maria Island,512.6,South Cape,25,Ring-500,86,0,0,0,0,0,0,0,0,0,0,0,0
NRS_MAI,MAI2017060135A,2/06/2017,Formalin,12:15,-42.59667,148.23333,Maria Island,398.1,South Cape,35,Ring-500,86,0,0,0,0,0,0,0,0,0,0,0,0
NRS_MAI,MAI20171123A,24/11/2017,Formalin,12:05,-42.59667,148.23333,Maria Island,401.5,South Cape,,Ring-500,86,0,0,0,0,0,0,0,0,0,0,0,0
NRS_MAI,MAI20171217A,18/12/2017,Formalin,11:45,-42.59667,148.23333,Maria Island,445,South Cape,,Ring-500,86,0,0,0,0,0,0,0,0,0,0,0,0
NRS_MAI,MAI20171217B,18/12/2017,Formalin,12:00,-42.59667,148.23333,Maria Island,463.7,South Cape,,Ring-500,86,0,0,0,0,0,0,0,0,0,0,0,0
NRS_MAI,MAI20180116B,17/01/2018,Formalin,12:37,-42.59667,148.23333,Maria Island,164.3552245,South Cape,,Ring-500,86,0,0,0,0,0,0,0,0,0,0,0,0
NRS_MAI,MAI20180116A,17/01/2018,Formalin,12:18,-42.59667,148.23333,Maria Island,459.3955738,South Cape,,Ring-500,86,0,0,0,0,0,0,0,0,0,0,0,0
NRS_MAI,MAI20180301A,2/03/2018,Formalin,12:02,-42.59667,148.23333,Maria Island,377.9956677,South Cape,,Ring-500,86,0,0,0,0,0,4,0,0,0,0,0,0
NRS_MAI,MAI20180301B,2/03/2018,Formalin,12:21,-42.59667,148.23333,Maria Island,297.2972219,South Cape,,Ring-500,86,0,0,0,0,0,7,0,0,0,0,0,0
NRS_MAI,MAI2018031523A,16/03/2018,Formalin,11:13,-42.59667,148.23333,Maria Island,504.3195385,South Cape,23,Ring-500,86,0,0,0,0,0,0,0,0,0,0,2,0
NRS_MAI,MAI2018031522B,16/03/2018,Formalin,11:53,-42.59667,148.23333,Maria Island,567.481474,South Cape,22,Ring-500,86,0,0,0,0,0,1,0,0,0,0,1,0
NRS_MAI,MAI2018041825A,19/04/2018,Formalin,11:08,-42.59667,148.23333,Maria Island,535.3655344,South Cape,25,Ring-500,86,0,0,0,0,0,0,0,0,0,0,0,0
NRS_MAI,MAI2018041825B,19/04/2018,Formalin,11:29,-42.59667,148.23333,Maria Island,503.0221854,South Cape,25,Ring-500,86,0,0,0,0,0,0,0,0,0,0,0,0
NRS_MAI,MAI20180919B,20/09/2018,Formalin,12:13,-42.59667,148.23333,Maria Island,293.6214927,South Cape,,Ring-500,86,,,,,,,,,,,,
NRS_MAI,MAI20180919A,20/09/2018,ethanol,11:56,-42.59667,148.23333,Maria Island,340.2227538,South Cape,,Ring-500,86,0,0,0,0,0,1,0,0,0,0,0,0
NRS_MAI,MAI20181018B,19/10/2018,Ethanol,11:40,-42.59667,148.23333,Maria Island,533.7491294,South Cape,,Ring-500,86,0,0,0,0,0,21,0,0,0,0,2,0
NRS_MAI,MAI20181018A,19/10/2018,Formalin,11:20,-42.59667,148.23333,Maria Island,532.5596994,South Cape,,Ring-500,86,0,0,0,0,0,46,0,0,0,0,0,0
NRS_MAI,MAI20181204B,5/12/2018,Ethanol,11:40,-42.59667,148.23333,Maria Island,225.4122516,South Cape,,Ring-500,86,0,0,0,0,0,16,0,0,0,0,0,0
NRS_MAI,MAI20181204A,5/12/2018,Formalin,11:21,-42.59667,148.23333,Maria Island,334.0316176,South Cape,,Ring-500,86,0,0,0,0,0,9,0,0,0,0,1,0
NRS_MAI,MAI20190106B,7/01/2019,Ethanol,12:01,-42.59667,148.23333,Maria Island,233.2960383,South Cape,,Ring-500,86,0,0,0,0,0,24,0,0,0,0,2,0
NRS_MAI,MAI20190106A,7/01/2019,Formalin,11:44,-42.59667,148.23333,Maria Island,321.6035981,South Cape,,Ring-500,86,0,0,0,0,0,0,0,0,0,0,0,0
NRS_MAI,MAI20190320B,21/03/2019,Ethanol,11:53,-42.59667,148.23333,Maria Island,369.0588089,South Cape,,Ring-500,86,,,,,,,,,,,,
NRS_MAI,MAI20190320A,21/03/2019,Formalin,11:33,-42.59667,148.23333,Maria Island,402.2561078,South Cape,,Ring-500,86,0,0,0,0,0,0,0,0,0,0,0,0
NRS_MAI,MAI20190430B,1/05/2019,Ethanol,12:39,-42.59667,148.23333,Maria Island,414.2630993,South Cape,,Bongo-500,86,0,0,0,0,0,0,0,0,0,0,0,0
NRS_MAI,MAI20190430B,1/05/2019,Formalin,12:39,-42.59667,148.23333,Maria Island,414.2630993,South Cape,,Bongo-500,86,0,0,0,0,0,0,0,0,0,0,0,0
NRS_MAI,MAI20190430A,1/05/2019,Formalin,12:18,-42.59667,148.23333,Maria Island,410.7299386,South Cape,,Bongo-500,86,0,0,0,0,0,0,0,0,0,0,0,0
NRS_MAI,MAI20190430A,1/05/2019,Ethanol,12:18,-42.59667,148.23333,Maria Island,410.7299386,South Cape,,Bongo-500,86,0,0,0,0,0,0,0,0,0,0,0,0
NRS_MAI,MAI2019062418A,24/06/2019,Zero larvae,12:42,-42.59667,148.23333,Maria Island,604.1704903,South Cape,18,Bongo-500,86,0,0,0,0,0,0,0,0,0,0,0,0
NRS_MAI,MAI2019062427B,24/06/2019,Ethanol,13:05,-42.59667,148.23333,Maria Island,594.4542982,South Cape,27,Bongo-500,86,0,0,0,0,0,0,0,0,0,0,0,0
NRS_MAI,MAI20190731B,31/07/2019,Ethanol,13:38,-42.59667,148.23333,Maria Island,484.9115931,South Cape,,Bongo-500,86,0,0,0,0,0,0,0,0,0,0,0,0
NRS_MAI,MAI20190731B,31/07/2019,Formalin,13:38,-42.59667,148.23333,Maria Island,484.9115931,South Cape,,Bongo-500,86,0,0,0,0,0,0,0,0,0,0,0,0
NRS_MAI,MAI20190731A,31/07/2019,Ethanol,13:18,-42.59667,148.23333,Maria Island,484.9115931,South Cape,,Bongo-500,86,0,0,0,0,0,0,0,0,0,0,0,0
NRS_MAI,MAI20190731A,31/07/2019,Formalin,13:18,-42.59667,148.23333,Maria Island,484.9115931,South Cape,,Bongo-500,86,0,0,0,0,0,0,0,0,0,0,0,0
NRS_MAI,MAI2019082834B,29/08/2019,Formalin,12:45,-42.59667,148.23333,Maria Island,446.5031913,South Cape,34,Bongo-500,86,0,0,0,0,0,0,0,0,0,0,0,0
NRS_MAI,MAI2019082840A,29/08/2019,Formalin,12:23,-42.59667,148.23333,Maria Island,425.0392397,South Cape,40,Bongo-500,86,0,0,0,0,0,0,0,0,0,0,0,0
NRS_MAI,MAI2019082840A,29/08/2019,Ethanol,12:23,-42.59667,148.23333,Maria Island,425.0392397,South Cape,40,Bongo-500,86,0,0,0,0,0,0,0,0,0,0,0,0
NRS_MAI,MAI2019082834B,29/08/2019,Ethanol,12:45,-42.59667,148.23333,Maria Island,446.5031913,South Cape,34,Bongo-500,86,0,0,0,0,0,0,0,0,0,0,0,0
NRS_MAI,MAI2019092530A,25/09/2019,,12:19,-42.59667,148.23333,Maria Island,457.5443187,South Cape,30,Bongo-500,86,,,,,,,,,,,,
NRS_MAI,MAI2019092529B,25/09/2019,,12:42,-42.59667,148.23333,Maria Island,,South Cape,29,Bongo-500,86,,,,,,,,,,,,
NRS_MAI,MAI2019101531A,16/10/2019,,11:47,-42.59667,148.23333,Maria Island,,South Cape,31,Bongo-500,86,,,,,,,,,,,,
NRS_MAI,MAI2019101528B,16/10/2019,,12:09,-42.59667,148.23333,Maria Island,,South Cape,28,Bongo-500,86,,,,,,,,,,,,
NRS_MAI,MAI2019112125A,22/11/2019,Formalin,11:20,-42.59667,148.23333,Maria Island,393.7979207,South Cape,25,Bongo-500,86,0,0,0,0,0,0,0,0,0,0,0,0
NRS_MAI,MAI2019112124B,22/11/2019,Formalin,11:50,-42.59667,148.23333,Maria Island,459.5980672,South Cape,24,Bongo-500,86,0,0,0,0,0,0,0,0,0,0,0,0
NRS_MAI,MAI2019112124B,22/11/2019,Ethanol,11:50,-42.59667,148.23333,Maria Island,459.5980672,South Cape,24,Bongo-500,86,0,0,0,0,0,0,0,0,0,0,0,0
NRS_MAI,MAI2019112125A,22/11/2019,Ethanol,11:20,-42.59667,148.23333,Maria Island,393.7979207,South Cape,25,Bongo-500,86,0,0,0,0,0,0,0,0,0,0,0,0
NRS_MAI,MAI2019121032B,11/12/2019,Ethanol,11:53,-42.59667,148.23333,Maria Island,416.9267482,South Cape,32,Bongo-500,86,0,0,0,0,0,2,0,0,0,0,0,0
NRS_MAI,MAI2019121037A,11/12/2019,Ethanol,11:32,-42.59667,148.23333,Maria Island,359.4389989,South Cape,37,Bongo-500,86,0,0,0,0,0,0,0,0,0,0,0,0
NRS_MAI,MAI2019121037A,11/12/2019,Formalin,11:32,-42.59667,148.23333,Maria Island,359.4389989,South Cape,37,Bongo-500,86,0,0,0,0,0,2,0,0,0,0,0,0
NRS_MAI,MAI2019121032B,11/12/2019,Formalin,11:53,-42.59667,148.23333,Maria Island,416.9267482,South Cape,32,Bongo-500,86,0,0,0,0,0,1,0,0,0,0,0,0
NRS_MAI,MAI20200107A,7/01/2020,Formalin,12:22,-42.59667,148.23333,Maria Island,378.3280479,South Cape,,Bongo-500,86,0,0,0,0,0,7,0,0,0,0,4,0
NRS_MAI,MAI20200107A,7/01/2020,Ethanol,12:22,-42.59667,148.23333,Maria Island,378.3280479,South Cape,,Bongo-500,86,0,0,0,0,0,8,0,0,0,0,1,0
NRS_MAI,MAI20200107B,7/01/2020,Formalin,12:39,-42.59667,148.23333,Maria Island,426.1357294,South Cape,,Bongo-500,86,,,,,,,,,,,,
NRS_MAI,MAI20200107B,7/01/2020,Ethanol,12:39,-42.59667,148.23333,Maria Island,426.1357294,South Cape,,Bongo-500,86,0,0,0,0,0,8,0,0,0,0,0,0
NRS_MAI,MAI2020022428,24/02/2020,Formalin,12:38,-42.59667,148.23333,Maria Island,447.7145303,South Cape,28,Bongo-500,86,0,0,0,0,0,0,0,0,0,0,0,0
NRS_MAI,MAI2020022428,24/02/2020,Ethanol,12:38,-42.59667,148.23333,Maria Island,447.7145303,South Cape,28,Bongo-500,86,0,0,0,0,0,0,0,0,0,0,0,0
NRS_MAI,MAI2020022425,24/02/2020,Formalin,13:01,-42.59667,148.23333,Maria Island,430.2691335,South Cape,25,Bongo-500,86,0,0,0,0,0,3,0,0,0,0,0,0
NRS_MAI,MAI2020022425,24/02/2020,Ethanol,13:01,-42.59667,148.23333,Maria Island,430.2691335,South Cape,25,Bongo-500,86,0,0,0,0,0,2,0,0,0,0,0,0
NRS_MAI,MAI2020052637,26/05/2020,Formalin,12:33,-42.59667,148.23333,Maria Island,438.9918319,South Cape,37,Bongo-500,86,0,0,0,0,0,0,0,0,0,0,0,0
NRS_MAI,MAI2020052637,26/05/2020,Ethanol,12:33,-42.59667,148.23333,Maria Island,436.8111573,South Cape,37,Bongo-500,86,0,0,0,0,0,0,0,0,0,0,0,0
NRS_MAI,MAI2020052634,26/05/2020,Formalin,12:54,-42.59667,148.23333,Maria Island,356.4605165,South Cape,34,Bongo-500,86,0,0,0,0,0,0,0,0,0,0,0,0
NRS_MAI,MAI2020052634,26/05/2020,Ethanol,12:54,-42.59667,148.23333,Maria Island,356.4605165,South Cape,34,Bongo-500,86,0,0,0,0,0,0,0,0,0,0,0,0
NRS_MAI,MAI2020062934,29/06/2020,Formalin,11:52,-42.59667,148.23333,Maria Island,547.4481011,South Cape,34,Bongo-500,86,0,0,0,0,0,0,0,0,0,0,0,0
NRS_MAI,MAI2020062934,29/06/2020,Ethanol,11:52,-42.59667,148.23333,Maria Island,547.4481011,South Cape,34,Bongo-500,86,0,0,0,0,0,0,0,0,0,0,0,0
NRS_MAI,MAI2020062935,29/06/2020,Formalin,12:12,-42.59667,148.23333,Maria Island,570.9416407,South Cape,35,Bongo-500,86,0,0,0,0,0,0,0,0,0,0,0,0
NRS_MAI,MAI2020062935,29/06/2020,Ethanol,12:12,-42.59667,148.23333,Maria Island,570.9416407,South Cape,35,Bongo-500,86,0,0,0,0,0,0,0,0,0,0,0,0
NRS_MAI,MAI2020081027,10/08/2020,Formalin,12:28,-42.59667,148.23333,Maria Island,660.6608243,South Cape,27,Bongo-500,86,0,0,0,0,0,0,0,0,0,0,0,0
NRS_MAI,MAI2020081027,10/08/2020,Ethanol,12:28,-42.59667,148.23333,Maria Island,660.6608243,South Cape,27,Bongo-500,86,0,0,0,0,0,1,0,0,0,0,0,0
NRS_MAI,MAI2020081029,10/08/2020,Formalin,12:50,-42.59667,148.23333,Maria Island,644.0512261,South Cape,29,Bongo-500,86,0,0,0,0,0,2,0,0,0,0,0,0
NRS_MAI,MAI2020081029,10/08/2020,Ethanol,12:50,-42.59667,148.23333,Maria Island,644.0512261,South Cape,29,Bongo-500,86,0,0,0,0,0,0,0,0,0,0,0,0
NRS_MAI,MAI2020091028,10/09/2020,Formalin,10:57,-42.59667,148.23333,Maria Island,537.4185176,South Cape,28,Bongo-500,86,0,0,0,0,0,5,0,0,0,0,0,0
NRS_MAI,MAI2020091028,10/09/2020,Ethanol,10:57,-42.59667,148.23333,Maria Island,537.4185176,South Cape,28,Bongo-500,86,0,0,0,0,0,0,0,0,0,0,0,0
NRS_MAI,MAI2020091029,10/09/2020,Formalin,11:17,-42.59667,148.23333,Maria Island,558.8605515,South Cape,29,Bongo-500,86,0,0,0,0,0,1,0,0,0,0,0,0
NRS_MAI,MAI2020091029,10/09/2020,Ethanol,11:17,-42.59667,148.23333,Maria Island,558.8605515,South Cape,29,Bongo-500,86,0,0,0,0,0,1,0,0,0,0,0,0
NRS_MAI,MAI2020092929,29/09/2020,Formalin,10:43,-42.59667,148.23333,Maria Island,574.0264975,South Cape,29,Bongo-500,86,,,,,,,,,,,,
NRS_MAI,MAI2020092929,29/09/2020,Ethanol,10:43,-42.59667,148.23333,Maria Island,574.0264975,South Cape,29,Bongo-500,86,0,0,0,0,0,0,0,0,0,0,0,0
NRS_MAI,MAI2020092928,29/09/2020,Formalin,11:03,-42.59667,148.23333,Maria Island,502.4669386,South Cape,28,Bongo-500,86,0,0,0,0,0,0,0,0,0,0,0,0
NRS_MAI,MAI2020092928,29/09/2020,Ethanol,11:03,-42.59667,148.23333,Maria Island,502.4669386,South Cape,28,Bongo-500,86,0,0,0,0,0,0,0,0,0,0,0,0
NRS_MAI,MAI20201021A,21/10/2020,Formalin,12:11,-42.59667,148.23333,Maria Island,602.0637424,South Cape,,Bongo-500,86,0,0,0,0,0,4,0,0,0,0,0,0
NRS_MAI,MAI20201021A,21/10/2020,Ethanol,12:11,-42.59667,148.23333,Maria Island,602.0637424,South Cape,,Bongo-500,86,0,0,0,0,0,5,0,0,0,0,0,0
NRS_MAI,MAI20201021B,22/10/2020,Formalin,12:32,-42.59667,148.23333,Maria Island,600.4985195,South Cape,,Bongo-500,86,0,0,0,0,0,11,0,0,0,0,0,0
NRS_MAI,MAI20201021B,22/10/2020,Ethanol,12:32,-42.59667,148.23333,Maria Island,600.4985195,South Cape,,Bongo-500,86,0,0,0,0,0,2,0,0,0,0,0,0
NRS_MAI,MAI20201119A,19/11/2020,Formalin,11:55,-42.59667,148.23333,Maria Island,693.7736463,South Cape,,Bongo-500,86,0,0,0,0,0,0,0,0,0,0,0,0
NRS_MAI,MAI20201119A,19/11/2020,Ethanol,11:55,-42.59667,148.23333,Maria Island,693.7736463,South Cape,,Bongo-500,86,0,0,0,0,0,0,0,0,0,0,0,0
NRS_MAI,MAI20201119B,19/11/2020,Formalin,12:14,-42.59667,148.23333,Maria Island,629.6450971,South Cape,,Bongo-500,86,0,0,0,0,0,0,0,0,0,0,0,0
NRS_MAI,MAI20201119B,19/11/2020,Ethanol,12:14,-42.59667,148.23333,Maria Island,629.6450971,South Cape,,Bongo-500,86,0,0,0,0,0,0,0,0,0,0,0,0
NRS_MAI,MAI2021010725,7/01/2021,Formalin,11:54,-42.59667,148.23333,Maria Island,551.7334686,South Cape,25,Bongo-500,86,,,,,,,,,,,,
NRS_MAI,MAI2021010725,7/01/2021,Ethanol,11:54,-42.59667,148.23333,Maria Island,551.7334686,South Cape,25,Bongo-500,86,,,,,,,,,,,,
NRS_MAI,MAI2021010725,7/01/2021,Formalin,12:20,-42.59667,148.23333,Maria Island,571.9445991,South Cape,25,Bongo-500,86,,,,,,,,,,,,
NRS_MAI,MAI2021010725,7/01/2021,Ethanol,12:20,-42.59667,148.23333,Maria Island,571.9445991,South Cape,25,Bongo-500,86,,,,,,,,,,,,
NRS_MAI,MAI2021021627,16/02/2021,Formalin,12:02,-42.59667,148.23333,Maria Island,537.2817505,South Cape,27,Bongo-500,86,0,0,0,0,0,0,0,0,0,0,0,0
NRS_MAI,MAI2021021627,16/02/2021,Ethanol,12:02,-42.59667,148.23333,Maria Island,537.2817505,South Cape,27,Bongo-500,86,0,0,0,0,0,0,0,0,0,0,0,0
NRS_MAI,MAI2021021633,16/02/2021,Formalin,12:23,-42.59667,148.23333,Maria Island,604.6015309,South Cape,33,Bongo-500,86,0,0,0,0,0,0,0,0,0,0,0,0
NRS_MAI,MAI2021021633,16/02/2021,Ethanol,12:23,-42.59667,148.23333,Maria Island,604.6015309,South Cape,33,Bongo-500,86,0,0,0,0,0,0,0,0,0,0,0,0
NRS_MAI,MAI2021033025,30/03/2021,Formalin,12:23,-42.59667,148.23333,Maria Island,381.1241742,South Cape,25,Bongo-500,86,0,0,0,0,0,0,0,0,0,0,0,0
NRS_MAI,MAI2021033025,30/03/2021,Ethanol,12:23,-42.59667,148.23333,Maria Island,381.1241742,South Cape,25,Bongo-500,86,0,0,0,0,0,0,0,0,0,0,0,0
NRS_MAI,MAI2021033032,30/03/2021,Formalin,12:45,-42.59667,148.23333,Maria Island,317.4211224,South Cape,32,Bongo-500,86,0,0,0,0,0,0,0,0,0,0,0,0
NRS_MAI,MAI2021033032,30/03/2021,Ethanol,12:45,-42.59667,148.23333,Maria Island,317.4211224,South Cape,32,Bongo-500,86,0,0,0,0,0,2,0,0,0,0,0,0
NRS_MAI,MAI20210428A,28/04/2021,Formalin,12:32,-42.59667,148.23333,Maria Island,415.4071143,South Cape,,Bongo-500,86,0,0,0,0,0,0,0,0,0,0,0,0
NRS_MAI,MAI20210428A,28/04/2021,Ethanol,12:32,-42.59667,148.23333,Maria Island,415.4071143,South Cape,,Bongo-500,86,0,0,0,0,0,0,0,0,0,0,0,0
NRS_MAI,MAI20210428B,28/04/2021,Formalin,12:54,-42.59667,148.23333,Maria Island,414.3889596,South Cape,,Bongo-500,86,0,0,0,0,0,0,0,0,0,0,0,0
NRS_MAI,MAI20210428B,28/04/2021,Ethanol,12:54,-42.59667,148.23333,Maria Island,414.3889596,South Cape,,Bongo-500,86,0,0,0,0,0,0,0,0,0,0,0,0
NRS_MAI,MAI20210531A,31/05/2021,Formalin,,-42.59667,148.23333,Maria Island,,South Cape,,Bongo-500,86,0,0,0,0,0,0,0,0,0,0,0,0
NRS_MAI,MAI20210531A,31/05/2021,Ethanol,,-42.59667,148.23333,Maria Island,,South Cape,,Bongo-500,86,0,0,0,0,0,0,0,0,0,0,0,0
NRS_MAI,MAI20210531B,31/05/2021,Formalin,,-42.59667,148.23333,Maria Island,,South Cape,,Bongo-500,86,0,0,0,0,0,0,0,0,0,0,0,0
NRS_MAI,MAI20210531B,31/05/2021,Ethanol,,-42.59667,148.23333,Maria Island,,South Cape,,Bongo-500,86,0,0,0,0,0,0,0,0,0,0,0,0
NRS_MAI,MAI2021062522,25/06/2021,Formalin,12:20,-42.59667,148.23333,Maria Island,504.0473578,South Cape,22,Bongo-500,86,0,0,0,0,0,0,0,0,0,0,0,0
NRS_MAI,MAI2021062522,25/06/2021,Ethanol,12:20,-42.59667,148.23333,Maria Island,504.0473578,South Cape,22,Bongo-500,86,0,0,0,0,0,0,0,0,0,0,0,0
NRS_MAI,MAI2021062526,25/06/2021,Formalin,12:36,-42.59667,148.23333,Maria Island,466.7403464,South Cape,26,Bongo-500,86,0,0,0,0,0,0,0,0,0,0,0,0
NRS_MAI,MAI2021062526,25/06/2021,Ethanol,12:36,-42.59667,148.23333,Maria Island,466.7403464,South Cape,26,Bongo-500,86,0,0,0,0,0,0,0,0,0,0,0,0
NRS_MAI,MAI20210809A,9/08/2021,Formalin,12:21,-42.59667,148.23333,Maria Island,403.7971115,South Cape,,Bongo-500,86,0,0,0,0,0,0,0,0,0,0,0,0
NRS_MAI,MAI20210809A,9/08/2021,Ethanol,12:21,-42.59667,148.23333,Maria Island,403.7971115,South Cape,,Bongo-500,86,0,0,0,0,0,0,0,0,0,0,0,0
NRS_MAI,MAI20210809B,9/08/2021,Formalin,12:41,-42.59667,148.23333,Maria Island,453.3219793,South Cape,,Bongo-500,86,0,0,0,0,0,0,0,0,0,0,0,0
NRS_MAI,MAI20210809B,9/08/2021,Ethanol,12:41,-42.59667,148.23333,Maria Island,453.3219793,South Cape,,Bongo-500,86,0,0,0,0,0,1,0,0,0,0,0,0
NRS_MAI,MAI20210901A,1/09/2021,Formalin,11:30,-42.59667,148.23333,Maria Island,435.9069752,South Cape,,Bongo-500,86,0,0,0,0,0,0,0,0,0,0,0,0
NRS_MAI,MAI20210901A,1/09/2021,Ethanol,11:30,-42.59667,148.23333,Maria Island,435.9069752,South Cape,,Bongo-500,86,0,0,0,0,0,0,0,0,0,0,0,0
NRS_MAI,MAI20210901B,1/09/2021,Formalin,11:48,-42.59667,148.23333,Maria Island,457.6529358,South Cape,,Bongo-500,86,0,0,0,0,0,0,0,0,0,0,0,0
NRS_MAI,MAI20210901B,1/09/2021,Ethanol,11:48,-42.59667,148.23333,Maria Island,457.6529358,South Cape,,Bongo-500,86,0,0,0,0,0,0,0,0,0,0,0,0
NRS_MAI,MAI20210916A,16/09/2021,Formalin,12:09,-42.59667,148.23333,Maria Island,563.9168866,South Cape,,Bongo-500,86,0,0,0,0,0,0,0,0,0,0,0,0
NRS_MAI,MAI20210916A,16/09/2021,Ethanol,12:09,-42.59667,148.23333,Maria Island,563.9168866,South Cape,,Bongo-500,86,0,0,0,0,0,1,0,0,0,0,0,0
NRS_MAI,MAI20210916B,16/09/2021,Formalin,12:27,-42.59667,148.23333,Maria Island,611.1191906,South Cape,,Bongo-500,86,0,0,0,0,0,4,0,0,0,0,0,0
NRS_MAI,MAI20210916B,16/09/2021,Ethanol,12:27,-42.59667,148.23333,Maria Island,611.1191906,South Cape,,Bongo-500,86,0,0,0,0,0,2,0,0,0,0,0,0
NRS_MAI,MAI20211101A,1/11/2021,Formalin,12:47,-42.59667,148.23333,Maria Island,417.0787115,South Cape,,Bongo-500,86,0,0,0,0,0,4,0,0,0,0,0,0
NRS_MAI,MAI20211101A,1/11/2021,Ethanol,12:47,-42.59667,148.23333,Maria Island,417.0787115,South Cape,,Bongo-500,86,0,0,0,0,0,1,0,0,0,0,0,0
NRS_MAI,MAI20211101B,1/11/2021,Formalin,13:13,-42.59667,148.23333,Maria Island,444.2801578,South Cape,,Bongo-500,86,0,0,0,0,0,3,0,0,0,0,0,0
NRS_MAI,MAI20211101B,1/11/2021,Ethanol,13:13,-42.59667,148.23333,Maria Island,444.2801578,South Cape,,Bongo-500,86,0,0,0,0,0,0,0,0,0,0,0,0
NRS_MAI,MAI20211117A,17/11/2021,Formalin,12:19,-42.59667,148.23333,Maria Island,474.125767,South Cape,,Bongo-500,86,0,0,0,0,0,0,0,0,0,0,0,0
NRS_MAI,MAI20211117A,17/11/2021,Ethanol,12:19,-42.59667,148.23333,Maria Island,474.125767,South Cape,,Bongo-500,86,0,0,0,0,0,0,0,0,0,0,0,0
NRS_MAI,MAI20211117B,17/11/2021,Formalin,12:41,-42.59667,148.23333,Maria Island,427.5945779,South Cape,,Bongo-500,86,0,0,0,0,0,0,0,0,0,0,0,0
NRS_MAI,MAI20211117B,17/11/2021,Ethanol,12:41,-42.59667,148.23333,Maria Island,427.5945779,South Cape,,Bongo-500,86,0,0,0,0,0,0,0,0,0,0,0,0
NRS_MAI,MAI20211215,15/12/2021,Formalin,11:12,-42.59667,148.23333,Maria Island,499.1997258,South Cape,,Bongo-500,86,0,0,0,0,0,1,0,0,0,0,0,0
NRS_MAI,MAI20211215,15/12/2021,Ethanol,11:12,-42.59667,148.23333,Maria Island,499.1997258,South Cape,,Bongo-500,86,0,0,0,0,0,1,0,0,0,0,0,0
NRS_MAI,MAI20211215,15/12/2021,Formalin,11:30,-42.59667,148.23333,Maria Island,448.4743473,South Cape,,Bongo-500,86,,,,,,,,,,,,
NRS_MAI,MAI20211215,15/12/2021,Ethanol,11:30,-42.59667,148.23333,Maria Island,448.4743473,South Cape,,Bongo-500,86,0,0,0,0,0,0,0,0,0,0,0,0